,timestamp,url,profile,domElements_median,domElements_mean,domElements_min,domElements_max,ttfb_median,ttfb_mean,ttfb_min,ttfb_max,loadEventEnd_median,loadEventEnd_mean,loadEventEnd_min,loadEventEnd_max,firstPaint_median,firstPaint_mean,firstPaint_min,firstPaint_max,fullyLoaded_median,fullyLoaded_mean,fullyLoaded_min,fullyLoaded_max,domComplete_median,domComplete_mean,domComplete_min,domComplete_max,throttleType,throttleparameter,httpVersion,num_http2_responses,num_http3_responses,lighthouse_performance_median,lighthouse_performance_mean
0,2021-11-27T07:01:55+00:00,https://www.whatsapp.com/,3g,560,560,560,560,463,466,435,499,1053,1059,983,1142,869,882,805,971,2309,2392,2229,2639,1037,1042,964,1125,delay,1000ms,2,66,0,0.83,0.83
0,2021-11-27T06:56:03+00:00,https://www.canva.com/,3g,4267,4265,4262,4267,594,736,573,1041,5151,4927,4476,5155,1052,1199,1050,1494,5241,5308,4557,6125,5138,4912,4458,5139,delay,1000ms,2,367,0,0.42,0.4333
0,2021-11-27T05:33:55+00:00,https://www.facebook.com/,3g,264,264,264,264,353,364,320,418,1323,1317,1266,1363,772,763,714,804,2550,2628,2355,2979,1311,1304,1252,1349,delay,1000ms,2,132,0,0.78,0.78
0,2021-11-27T05:37:34+00:00,https://www.instagram.com/,3g,323,323,323,323,278,274,265,279,1352,1360,1339,1389,487,489,482,498,2873,2883,2861,2914,1348,1357,1336,1387,delay,1000ms,2,102,0,0.71,0.7067
0,2021-11-27T07:05:45+00:00,https://www.glassdoor.com/,3g,1146,1146,1146,1146,2366,2354,1628,3067,7462,7743,7243,8523,2802,2827,2080,3599,9505,9458,8781,10087,7379,7651,7141,8433,delay,1000ms,2,321,0,0.17,0.1733
0,2021-11-27T05:41:33+00:00,https://www.vk.com/,3g,310,281,222,310,1088,1121,1072,1202,5560,5649,5483,5903,4543,4653,4530,4885,6213,6168,5718,6574,5529,5628,5482,5873,delay,1000ms,2,203,0,0.46,0.46
0,2021-11-27T05:23:53+00:00,https://www.whatsapp.com/,3g,560,560,560,560,449,483,431,568,1016,1093,1015,1247,816,852,801,938,2273,2302,2262,2371,999,1072,996,1220,delay,800ms,2,62,0,0.84,0.8367
0,2021-11-27T05:17:58+00:00,https://www.canva.com/,3g,4267,4265,4262,4267,673,648,575,695,4577,4760,4567,5137,1111,1138,1056,1247,4701,4868,4658,5244,4559,4740,4547,5115,delay,800ms,2,361,0,0.42,0.4133
0,2021-11-27T05:04:44+00:00,https://www.facebook.com/,3g,264,264,264,264,309,318,308,337,1298,1271,1212,1303,765,734,670,768,2467,2545,2380,2789,1283,1258,1200,1291,delay,800ms,2,130,0,0.78,0.8033
0,2021-11-27T05:08:28+00:00,https://www.instagram.com/,3g,323,323,323,323,587,542,271,767,1736,1680,1402,1902,833,746,445,960,3262,3195,2917,3407,1733,1677,1400,1899,delay,800ms,2,102,0,0.71,0.71
0,2021-11-27T05:27:44+00:00,https://www.glassdoor.com/,3g,1146,1146,1146,1146,1178,1327,1155,1648,6180,6250,6120,6449,1745,1797,1609,2038,8529,8483,8249,8670,6093,6160,6027,6361,delay,800ms,2,312,0,0.16,0.1633
0,2021-11-27T05:12:26+00:00,https://www.vk.com/,3g,310,310,310,310,1061,1063,1048,1079,5500,5462,5324,5561,4477,4432,4291,4527,6170,6116,5973,6204,5461,5422,5276,5528,delay,800ms,2,207,0,0.46,0.46
0,2021-11-27T04:54:46+00:00,https://www.whatsapp.com/,3g,560,560,560,560,427,476,410,592,1040,1090,1022,1207,873,885,822,959,2290,2341,2268,2464,1025,1073,1007,1188,delay,600ms,2,65,0,0.83,0.8333
0,2021-11-27T04:48:51+00:00,https://www.canva.com/,3g,4267,4267,4267,4267,637,655,570,759,4655,4145,2747,5034,1091,1100,1050,1159,4744,4747,4385,5111,4640,4132,2734,5022,delay,600ms,2,362,0,0.48,0.4567
0,2021-11-27T04:33:39+00:00,https://www.facebook.com/,3g,264,264,264,264,341,348,328,376,1360,1356,1328,1379,757,761,723,803,2533,2529,2490,2564,1347,1342,1312,1366,delay,600ms,2,129,0,0.78,0.78
0,2021-11-27T04:37:25+00:00,https://www.instagram.com/,3g,323,323,323,323,289,287,280,293,1432,1451,1402,1518,533,526,498,547,2976,2978,2927,3032,1429,1448,1399,1515,delay,600ms,2,102,0,0.71,0.7067
0,2021-11-27T04:58:30+00:00,https://www.glassdoor.com/,3g,1146,1145,1142,1147,1076,1092,1073,1127,5647,5573,5197,5874,1549,1624,1480,1844,8155,8313,8127,8656,5546,5472,5090,5780,delay,600ms,2,306,0,0.16,0.17
0,2021-11-27T04:41:25+00:00,https://www.vk.com/,3g,310,310,310,310,1072,1173,1070,1376,5513,5557,5343,5815,4493,4535,4321,4790,6184,6261,6114,6484,5480,5519,5305,5773,delay,600ms,2,209,0,0.46,0.46
0,2021-11-27T04:23:16+00:00,https://www.whatsapp.com/,3g,560,560,560,560,466,561,442,776,1090,1179,1056,1391,879,966,836,1183,2499,2530,2297,2793,1073,1163,1039,1376,delay,400ms,2,67,0,0.84,0.8367
0,2021-11-27T04:17:22+00:00,https://www.canva.com/,3g,4267,4265,4262,4267,590,582,558,598,5036,5009,4657,5335,1046,1072,1007,1164,5132,5118,4780,5441,5018,4992,4640,5319,delay,400ms,2,360,0,0.45,0.4467
0,2021-11-27T04:01:32+00:00,https://www.facebook.com/,3g,264,264,264,264,319,315,304,321,1409,1410,1391,1431,786,785,767,803,2550,2536,2440,2619,1394,1395,1374,1417,delay,400ms,2,129,0,0.78,0.78
0,2021-11-27T04:05:18+00:00,https://www.instagram.com/,3g,323,323,323,323,281,285,274,299,1379,1380,1365,1395,501,491,464,507,2896,2945,2879,3060,1375,1376,1362,1392,delay,400ms,2,104,0,0.71,0.71
0,2021-11-27T04:27:06+00:00,https://www.glassdoor.com/,3g,1146,1146,1146,1146,2441,3571,1396,6875,7650,8443,6351,11328,3281,4145,1859,7295,9830,10852,8590,14137,7407,8297,6227,11256,delay,400ms,2,324,0,0.16,0.1633
0,2021-11-27T04:09:15+00:00,https://www.vk.com/,3g,310,310,310,310,1147,1139,1110,1161,5820,31910,5718,84193,4692,4685,4580,4782,6491,32593,6412,84877,5786,31874,5683,84153,delay,400ms,2,207,0,0.46,0.46
0,2021-11-27T03:51:03+00:00,https://www.whatsapp.com/,3g,560,560,560,560,487,478,458,490,1182,1356,1127,1759,979,1077,919,1334,2506,2675,2423,3096,1162,1324,1111,1700,delay,200ms,2,69,0,0.83,0.83
0,2021-11-27T03:44:44+00:00,https://www.canva.com/,3g,4267,4265,4262,4267,597,597,580,613,4882,4929,4876,5030,1111,1093,1043,1126,4972,5110,4972,5386,4866,4913,4861,5013,delay,200ms,2,363,0,0.42,0.4367
0,2021-11-27T03:27:03+00:00,https://www.facebook.com/,3g,264,264,264,264,354,360,332,395,1878,1852,1580,2097,939,1000,880,1180,2971,3040,2901,3248,1854,1829,1565,2068,delay,200ms,2,133,0,0.78,0.78
0,2021-11-27T03:31:01+00:00,https://www.instagram.com/,3g,323,323,323,323,281,401,275,648,1488,1606,1474,1857,488,612,480,869,2981,3278,2978,3876,1485,1603,1471,1854,delay,200ms,2,108,0,0.7,0.7033
0,2021-11-27T03:55:01+00:00,https://www.glassdoor.com/,3g,1146,1146,1146,1146,1100,1327,1092,1790,5815,5961,5667,6400,1566,1803,1565,2277,8403,8891,8396,9873,5727,5869,5569,6312,delay,200ms,2,313,0,0.16,0.1633
0,2021-11-27T03:35:13+00:00,https://www.vk.com/,3g,310,310,310,310,1104,1240,1101,1514,5970,5870,5459,6181,4673,4751,4435,5146,6633,6580,6155,6951,5937,5832,5422,6138,delay,200ms,2,216,0,0.46,0.46
0,2021-11-27T03:16:26+00:00,https://www.whatsapp.com/,3g,560,560,560,560,473,464,447,473,1062,1063,1061,1066,850,848,834,860,2400,2428,2303,2581,1045,1046,1045,1049,delay,0ms,2,67,0,0.83,0.8333
0,2021-11-27T03:10:39+00:00,https://www.canva.com/,3g,4267,4265,4262,4267,637,606,533,649,4859,4727,4462,4861,1047,1041,985,1090,5079,5229,4838,5770,4749,4682,4448,4849,delay,0ms,2,364,0,0.46,0.45
0,2021-11-27T02:56:03+00:00,https://www.facebook.com/,3g,264,264,264,264,313,336,311,385,1393,1571,1335,1986,754,793,745,880,2520,2687,2443,3099,1379,1556,1323,1967,delay,0ms,2,129,0,0.78,0.78
0,2021-11-27T03:00:04+00:00,https://www.instagram.com/,3g,323,324,323,325,288,299,266,342,1620,1710,1492,2017,564,557,473,634,3459,3394,2957,3766,1617,1706,1488,2012,delay,0ms,2,107,0,0.7,0.6967
0,2021-11-27T03:20:18+00:00,https://www.glassdoor.com/,3g,1146,1146,1146,1146,1151,1349,1083,1812,6752,7991,6522,10700,2334,3097,1864,5093,9476,10250,8804,12470,6663,7902,6444,10599,delay,0ms,2,313,0,0.18,0.1767
0,2021-11-27T03:05:27+00:00,https://www.vk.com/,3g,310,281,222,310,1072,1076,1062,1094,5927,6030,5759,6405,4822,4954,4810,5229,7163,6824,6024,7286,5888,5973,5757,6273,delay,0ms,2,209,0,0.46,0.46
0,2021-11-27T07:03:44+00:00,https://www.whatsapp.com/,3g,560,560,560,560,665,619,434,757,1263,1198,1014,1317,1054,1007,821,1145,2515,2450,2257,2577,1247,1182,997,1301,delay,1000ms,3,61,6,0.83,0.8367
0,2021-11-27T06:59:02+00:00,https://www.canva.com/,3g,4267,4265,4262,4267,606,633,571,721,4540,4535,4490,4576,1116,1120,1047,1197,4817,4783,4655,4877,4526,4520,4475,4558,delay,1000ms,3,157,206,0.45,0.44
0,2021-11-27T05:35:43+00:00,https://www.facebook.com/,3g,264,264,264,264,366,358,331,378,1364,1355,1335,1365,762,760,746,771,2571,2563,2543,2575,1348,1341,1322,1353,delay,1000ms,3,27,102,0.78,0.78
0,2021-11-27T05:39:30+00:00,https://www.instagram.com/,3g,323,323,323,323,288,291,287,297,1603,1710,1584,1942,503,594,475,805,3105,3265,3086,3603,1600,1707,1581,1939,delay,1000ms,3,13,90,0.71,0.71
0,2021-11-27T07:09:00+00:00,https://www.glassdoor.com/,3g,1146,1146,1146,1146,1157,2082,1125,3965,6332,6703,5573,8204,1629,2513,1565,4344,8285,9173,8242,10992,6243,6618,5492,8120,delay,1000ms,3,134,182,0.16,0.16
0,2021-11-27T05:44:38+00:00,https://www.vk.com/,3g,228,253,222,310,1110,1186,1039,1409,5192,5645,5174,6568,4159,4584,4058,5534,5912,8919,5433,15412,5190,5633,5143,6566,delay,1000ms,3,135,57,0.46,0.46
0,2021-11-27T05:25:42+00:00,https://www.whatsapp.com/,3g,560,560,560,560,436,455,436,492,1051,1056,1006,1111,866,867,827,908,2311,2306,2250,2358,1034,1039,989,1094,delay,800ms,3,61,4,0.83,0.8333
0,2021-11-27T05:20:59+00:00,https://www.canva.com/,3g,4267,4267,4267,4267,556,579,548,634,4549,3949,2725,4572,1029,1057,1026,1115,4667,4762,4640,4978,4532,3933,2708,4559,delay,800ms,3,155,205,0.43,0.4233
0,2021-11-27T05:06:35+00:00,https://www.facebook.com/,3g,264,264,264,264,319,329,308,361,1324,1326,1313,1340,740,740,726,755,2560,2567,2334,2807,1312,1313,1302,1325,delay,800ms,3,27,103,0.78,0.78
0,2021-11-27T05:10:22+00:00,https://www.instagram.com/,3g,323,323,323,323,278,382,262,606,1538,1639,1513,1866,468,571,436,810,3065,3166,3049,3385,1535,1636,1510,1863,delay,800ms,3,16,90,0.71,0.7067
0,2021-11-27T05:30:54+00:00,https://www.glassdoor.com/,3g,1146,1146,1146,1146,1098,1091,1071,1105,5610,5879,5434,6592,1557,1556,1538,1574,8613,8604,8535,8663,5480,5779,5341,6515,delay,800ms,3,128,183,0.16,0.16
0,2021-11-27T05:15:31+00:00,https://www.vk.com/,3g,228,253,222,310,1216,1181,1088,1239,5243,5228,5057,5385,4238,4263,4112,4440,6308,6192,5636,6633,5209,5216,5056,5384,delay,800ms,3,140,57,0.46,0.46
0,2021-11-27T04:56:36+00:00,https://www.whatsapp.com/,3g,560,560,560,560,418,418,409,426,1093,1098,1047,1154,878,888,834,953,2348,2349,2296,2402,1077,1082,1031,1137,delay,600ms,3,59,6,0.83,0.8233
0,2021-11-27T04:51:47+00:00,https://www.canva.com/,3g,4267,4267,4267,4267,569,583,553,628,4935,4882,4715,4997,1040,1034,997,1064,5025,4972,4805,5086,4917,4866,4700,4982,delay,600ms,3,156,208,0.43,0.4267
0,2021-11-27T04:35:31+00:00,https://www.facebook.com/,3g,264,264,264,264,326,333,320,352,1368,1427,1320,1593,763,769,721,823,2560,2613,2520,2760,1356,1414,1309,1577,delay,600ms,3,31,102,0.78,0.78
0,2021-11-27T04:39:23+00:00,https://www.instagram.com/,3g,323,323,323,323,288,284,265,300,1588,1573,1481,1651,450,476,446,532,3090,3089,2999,3179,1585,1571,1479,1648,delay,600ms,3,12,90,0.71,0.7033
0,2021-11-27T05:01:41+00:00,https://www.glassdoor.com/,3g,1146,1146,1146,1146,1988,1848,1145,2410,6485,6387,5923,6752,2531,2446,1589,3218,9283,9043,8241,9606,6385,6301,5847,6670,delay,600ms,3,136,183,0.16,0.16
0,2021-11-27T04:43:54+00:00,https://www.vk.com/,3g,310,281,222,310,1079,1079,1077,1080,5297,31413,4958,83984,4150,4147,3947,4345,5635,32046,5543,84960,5295,31384,4925,83932,delay,600ms,3,138,63,0.46,0.46
0,2021-11-27T04:25:05+00:00,https://www.whatsapp.com/,3g,560,560,560,560,453,480,428,560,1078,1133,1075,1245,869,911,855,1010,2343,2394,2327,2512,1062,1115,1057,1227,delay,400ms,3,59,6,0.83,0.8267
0,2021-11-27T04:20:20+00:00,https://www.canva.com/,3g,4262,4264,4262,4267,599,583,533,617,2787,3308,2613,4523,1096,1060,980,1105,4657,4727,4600,4925,2768,3292,2601,4507,delay,400ms,3,156,204,0.42,0.4167
0,2021-11-27T04:03:29+00:00,https://www.facebook.com/,3g,264,264,264,264,323,333,315,361,1362,1374,1314,1445,763,766,753,781,2570,2556,2522,2576,1349,1361,1303,1432,delay,400ms,3,27,102,0.78,0.78
0,2021-11-27T04:07:12+00:00,https://www.instagram.com/,3g,323,323,323,323,271,380,263,605,1557,1665,1536,1902,497,573,415,806,3056,3191,3004,3514,1553,1662,1533,1899,delay,400ms,3,14,90,0.71,0.7067
0,2021-11-27T04:30:34+00:00,https://www.glassdoor.com/,3g,1146,1146,1146,1146,1780,1580,1172,1788,6920,7024,6148,8003,2218,2153,1654,2586,9279,9751,8342,11632,6825,6931,6059,7909,delay,400ms,3,135,183,0.16,0.1633
0,2021-11-27T04:14:15+00:00,https://www.vk.com/,3g,310,327,310,360,1087,1088,1075,1103,5347,5462,5089,5950,4137,4141,4061,4224,6036,6151,5781,6635,5311,5425,5056,5907,delay,400ms,3,143,67,0.46,0.46
0,2021-11-27T03:53:00+00:00,https://www.whatsapp.com/,3g,560,560,560,560,479,475,458,488,1186,1182,1152,1208,956,952,911,990,2431,2418,2389,2435,1166,1163,1134,1188,delay,200ms,3,60,5,0.83,0.8333
0,2021-11-27T03:47:48+00:00,https://www.canva.com/,3g,4267,4267,4267,4267,624,662,591,770,5593,5960,5564,6723,1344,1604,1339,2128,6139,6356,6043,6886,5580,5944,5548,6705,delay,200ms,3,157,212,0.4,0.4067
0,2021-11-27T03:29:00+00:00,https://www.facebook.com/,3g,264,264,264,264,341,342,317,367,1560,1519,1368,1628,857,841,757,909,2717,2650,2497,2737,1548,1503,1353,1609,delay,200ms,3,27,102,0.78,0.78
0,2021-11-27T03:33:02+00:00,https://www.instagram.com/,3g,323,323,323,323,284,413,275,679,1954,2030,1812,2323,511,651,496,946,3458,3538,3312,3843,1951,2026,1809,2319,delay,200ms,3,14,90,0.71,0.71
0,2021-11-27T03:58:19+00:00,https://www.glassdoor.com/,3g,1146,1146,1146,1146,1141,1687,1108,2812,6082,6515,5841,7622,1647,2297,1607,3637,8661,9128,8469,10253,5921,6398,5749,7525,delay,200ms,3,135,183,0.17,0.1667
0,2021-11-27T03:39:46+00:00,https://www.vk.com/,3g,310,281,222,310,1100,1115,1080,1164,5239,5253,5223,5298,4252,4238,4169,4293,6007,5950,5494,6348,5237,5227,5189,5256,delay,200ms,3,140,63,0.46,0.46
0,2021-11-27T03:18:17+00:00,https://www.whatsapp.com/,3g,560,560,560,560,456,445,420,459,1047,1093,1035,1196,821,860,799,959,2278,2326,2272,2428,1030,1074,1019,1172,delay,0ms,3,59,6,0.83,0.8333
0,2021-11-27T03:13:34+00:00,https://www.canva.com/,3g,4262,4258,4246,4267,591,588,561,612,4815,4821,4712,4935,1236,1189,1089,1243,4928,4930,4808,5053,4798,4805,4698,4918,delay,0ms,3,156,206,0.43,0.4333
0,2021-11-27T02:58:06+00:00,https://www.facebook.com/,3g,264,264,264,264,345,356,324,399,1900,1882,1700,2047,975,1061,931,1276,3063,3088,2916,3285,1878,1860,1674,2028,delay,0ms,3,37,102,0.78,0.78
0,2021-11-27T03:02:35+00:00,https://www.instagram.com/,3g,323,323,323,323,298,700,288,1515,2592,2963,2397,3899,664,1034,604,1834,4227,4533,3920,5451,2586,2957,2393,3892,delay,0ms,3,16,89,0.7,0.7033
0,2021-11-27T03:23:42+00:00,https://www.glassdoor.com/,3g,1146,1146,1146,1147,1093,1087,1025,1144,5758,5697,5540,5792,1778,1709,1555,1795,8718,8713,8435,8987,5626,5583,5420,5704,delay,0ms,3,125,183,0.16,0.16
0,2021-11-27T03:08:12+00:00,https://www.vk.com/,3g,310,327,310,360,1106,1104,1076,1130,5221,5215,5123,5302,4196,4185,4082,4277,6005,6006,5964,6049,5185,5178,5079,5269,delay,0ms,3,138,69,0.46,0.46
0,2021-11-27T10:56:55+00:00,https://www.whatsapp.com/,3g,560,560,560,560,427,430,419,444,1014,1002,963,1029,806,802,791,810,2270,2248,2203,2272,999,986,947,1013,delay,1000ms,2,65,0,0.84,0.8367
0,2021-11-27T10:27:49+00:00,https://www.canva.com/,3g,4262,4264,4262,4267,573,577,556,601,4474,6905,2756,13484,1019,1020,987,1054,4807,7779,4561,13968,4461,6862,2735,13389,delay,1000ms,2,363,0,0.42,0.4167
0,2021-11-27T10:12:50+00:00,https://www.facebook.com/,3g,264,265,264,266,306,308,305,312,1312,1325,1236,1427,715,734,677,810,2485,2515,2461,2599,1298,1311,1225,1409,delay,1000ms,2,130,0,0.78,0.78
0,2021-11-27T10:16:27+00:00,https://www.instagram.com/,3g,323,323,323,323,280,281,270,293,1328,1337,1320,1364,465,483,441,543,2851,2856,2840,2877,1325,1334,1315,1362,delay,1000ms,2,102,0,0.71,0.71
0,2021-11-27T11:00:37+00:00,https://www.glassdoor.com/,3g,1146,1146,1146,1146,1356,1431,996,1941,5587,5644,5168,6178,1801,1878,1464,2369,8307,8403,8008,8893,5491,5557,5086,6093,delay,1000ms,2,312,0,0.16,0.1567
0,2021-11-27T10:20:25+00:00,https://www.vk.com/,3g,310,283,228,310,1124,1147,1111,1207,5689,5634,5413,5799,4653,4618,4360,4842,6215,6272,6083,6517,5638,5604,5378,5797,delay,1000ms,2,207,0,0.46,0.46
0,2021-11-27T10:02:38+00:00,https://www.whatsapp.com/,3g,560,560,560,560,440,445,411,484,1061,1058,1049,1063,850,847,823,867,2298,2387,2288,2576,1043,1039,1028,1045,delay,800ms,2,66,0,0.83,0.8333
0,2021-11-27T09:56:36+00:00,https://www.canva.com/,3g,4267,4267,4267,4267,583,822,564,1319,4896,5102,4788,5622,1049,1230,1027,1615,5038,5360,4862,6179,4879,5087,4771,5610,delay,800ms,2,370,0,0.42,0.43
0,2021-11-27T09:42:40+00:00,https://www.facebook.com/,3g,266,265,264,266,384,375,352,390,1369,1376,1353,1405,788,779,752,798,2496,2506,2471,2551,1357,1361,1338,1389,delay,800ms,2,131,0,0.78,0.78
0,2021-11-27T09:46:19+00:00,https://www.instagram.com/,3g,323,324,323,325,281,416,281,687,1443,1569,1424,1841,523,651,510,919,2948,3084,2937,3367,1437,1565,1420,1838,delay,800ms,2,104,0,0.71,0.71
0,2021-11-27T10:06:29+00:00,https://www.glassdoor.com/,3g,1146,1146,1146,1146,1173,1318,1043,1737,6150,5892,5235,6292,1715,1925,1511,2549,8396,8495,8078,9011,6060,5807,5165,6196,delay,800ms,2,312,0,0.16,0.1633
0,2021-11-27T09:50:22+00:00,https://www.vk.com/,3g,310,281,222,310,1095,1205,1094,1426,5546,5673,5343,6129,4617,4665,4328,5051,6007,6379,5788,7343,5544,5644,5306,6081,delay,800ms,2,205,0,0.46,0.46
0,2021-11-27T09:32:36+00:00,https://www.whatsapp.com/,3g,560,560,560,560,467,508,422,636,1090,1155,1046,1328,871,929,857,1058,2328,2435,2296,2682,1074,1138,1029,1311,delay,600ms,2,67,0,0.84,0.8367
0,2021-11-27T09:26:38+00:00,https://www.canva.com/,3g,4267,4265,4262,4267,593,581,543,606,5072,4420,2675,5514,1020,1068,966,1217,5300,5380,5227,5612,5044,4401,2660,5498,delay,600ms,2,364,0,0.44,0.4333
0,2021-11-27T09:09:43+00:00,https://www.facebook.com/,3g,264,264,264,264,348,356,340,381,1418,1418,1361,1476,832,819,781,843,2634,2600,2487,2679,1401,1401,1340,1461,delay,600ms,2,129,0,0.78,0.78
0,2021-11-27T09:13:25+00:00,https://www.instagram.com/,3g,323,323,323,323,283,281,272,287,1401,1396,1377,1409,480,475,458,486,2906,2902,2888,2911,1398,1393,1374,1406,delay,600ms,2,101,0,0.7,0.6933
0,2021-11-27T09:36:18+00:00,https://www.glassdoor.com/,3g,1146,1146,1146,1146,1037,1280,1023,1779,6391,6442,6107,6827,1549,1895,1446,2689,8411,8603,7979,9420,6300,6360,6035,6746,delay,600ms,2,311,0,0.18,0.18
0,2021-11-27T09:17:28+00:00,https://www.vk.com/,3g,310,297,272,310,1101,1209,1071,1455,5624,5708,5443,6057,4606,4712,4508,5021,6304,6250,5702,6744,5593,5686,5442,6022,delay,600ms,2,201,0,0.46,0.46
0,2021-11-27T08:59:28+00:00,https://www.whatsapp.com/,3g,560,560,560,560,482,490,468,521,1083,1079,1035,1119,878,884,864,911,2327,2331,2285,2381,1066,1062,1019,1102,delay,400ms,2,65,0,0.83,0.82
0,2021-11-27T08:53:39+00:00,https://www.canva.com/,3g,4267,4265,4262,4267,614,816,561,1274,3354,3477,2715,4362,1094,1222,1003,1568,5196,5313,4467,6275,3342,3463,2703,4344,delay,400ms,2,366,0,0.44,0.44
0,2021-11-27T08:11:57+00:00,https://www.facebook.com/,3g,264,265,264,266,343,346,314,380,1284,1286,1277,1297,736,722,687,744,2467,2481,2460,2517,1272,1274,1266,1284,delay,400ms,2,129,0,0.78,0.78
0,2021-11-27T08:40:35+00:00,https://www.instagram.com/,3g,323,323,323,323,298,295,282,304,1722,1651,1385,1845,554,560,498,628,3235,3203,2909,3466,1720,1648,1383,1841,delay,400ms,2,107,0,0.71,0.71
0,2021-11-27T09:03:21+00:00,https://www.glassdoor.com/,3g,1146,1146,1146,1146,1147,1315,1067,1731,5840,6114,5646,6855,1773,1832,1526,2196,8304,6413,1212,9722,5734,6024,5563,6775,delay,400ms,2,318,0,0.18,0.1767
0,2021-11-27T08:44:37+00:00,https://www.vk.com/,3g,278,287,222,360,1089,1230,1088,1514,5979,31725,5261,83936,4504,4589,4301,4962,6647,32199,5779,84171,5944,31711,5260,83929,delay,400ms,2,198,0,0.46,0.46
0,2021-11-27T08:02:06+00:00,https://www.whatsapp.com/,3g,560,560,560,560,461,474,433,529,1061,1110,1060,1208,839,882,833,973,2314,2362,2307,2466,1045,1092,1042,1189,delay,200ms,2,63,0,0.83,0.83
0,2021-11-27T07:56:18+00:00,https://www.canva.com/,3g,4267,4267,4267,4267,724,675,576,725,5028,4937,4537,5247,1258,1258,1180,1336,5129,5042,4631,5365,5014,4924,4524,5235,delay,200ms,2,362,0,0.45,0.44
0,2021-11-27T07:41:42+00:00,https://www.facebook.com/,3g,264,264,264,264,309,326,304,366,1322,1339,1301,1394,732,754,722,808,2518,2543,2470,2642,1308,1324,1284,1381,delay,200ms,2,131,0,0.78,0.78
0,2021-11-27T07:45:24+00:00,https://www.instagram.com/,3g,323,323,323,323,302,383,272,574,1430,1476,1381,1616,492,564,455,746,2994,3007,2886,3141,1427,1473,1378,1613,delay,200ms,2,104,0,0.71,0.71
0,2021-11-27T08:05:51+00:00,https://www.glassdoor.com/,3g,1146,1146,1146,1146,1861,1877,1817,1953,6298,6298,6260,6337,2271,2287,2217,2372,8776,8807,8772,8874,6210,6211,6179,6245,delay,200ms,2,315,0,0.16,0.16
0,2021-11-27T07:49:19+00:00,https://www.vk.com/,3g,228,253,222,310,1097,1093,1078,1105,5602,6138,5505,7307,4635,4625,4488,4753,6167,6520,5834,7559,5600,6126,5474,7305,delay,200ms,2,195,0,0.46,0.46
0,2021-11-27T07:31:46+00:00,https://www.whatsapp.com/,3g,560,560,560,560,461,467,447,492,1032,1071,1007,1175,837,873,821,960,2280,2317,2249,2422,1016,1055,991,1157,delay,0ms,2,65,0,0.83,0.8267
0,2021-11-27T07:25:57+00:00,https://www.canva.com/,3g,4267,4267,4267,4267,590,579,557,591,4894,5078,4642,5697,1037,1115,1013,1295,5026,5192,4758,5792,4878,5062,4628,5681,delay,0ms,2,361,0,0.42,0.4167
0,2021-11-27T07:12:04+00:00,https://www.facebook.com/,3g,264,264,264,264,352,361,312,419,1398,1496,1287,1804,816,861,741,1027,2474,2628,2394,3016,1386,1485,1276,1792,delay,0ms,2,130,0,0.78,0.78
0,2021-11-27T07:15:52+00:00,https://www.instagram.com/,3g,323,323,323,323,294,678,266,1475,1498,1912,1365,2872,521,904,474,1716,3049,3434,2880,4374,1495,1908,1362,2868,delay,0ms,2,108,0,0.71,0.71
0,2021-11-27T07:35:31+00:00,https://www.glassdoor.com/,3g,1146,1146,1146,1147,1131,1186,1036,1392,5505,5351,4323,6226,1732,1798,1472,2191,8659,8611,8233,8941,5417,5264,4243,6131,delay,0ms,2,309,0,0.19,0.1833
0,2021-11-27T07:19:51+00:00,https://www.vk.com/,3g,310,283,228,310,1091,1094,1090,1100,5519,5527,5318,5745,4518,4545,4314,4804,6178,6435,5969,7159,5491,5507,5288,5743,delay,0ms,2,201,0,0.46,0.46
0,2021-11-27T10:58:43+00:00,https://www.whatsapp.com/,3g,560,560,560,560,461,473,432,525,1063,1133,1059,1278,866,897,835,989,2307,2368,2297,2500,1046,1107,1039,1235,delay,1000ms,3,57,6,0.83,0.83
0,2021-11-27T10:54:03+00:00,https://www.canva.com/,3g,4267,4267,4267,4267,568,579,562,608,4285,3897,2800,4606,1056,1038,991,1066,4696,4738,4402,5115,4267,3875,2768,4590,delay,1000ms,3,155,207,0.45,0.4467
0,2021-11-27T10:14:38+00:00,https://www.facebook.com/,3g,266,265,264,266,354,345,308,374,1315,1319,1234,1408,749,737,677,784,2488,2501,2423,2593,1301,1306,1223,1394,delay,1000ms,3,27,104,0.78,0.78
0,2021-11-27T10:18:23+00:00,https://www.instagram.com/,3g,323,324,323,325,286,398,285,622,1941,1853,1496,2123,524,609,486,816,3532,3408,3029,3662,1938,1850,1492,2119,delay,1000ms,3,12,90,0.71,0.7067
0,2021-11-27T11:04:15+00:00,https://www.glassdoor.com/,3g,1146,1146,1146,1146,1083,1089,1038,1145,5222,5342,5043,5761,1529,1522,1457,1580,8124,8074,7952,8145,5135,5247,4925,5680,delay,1000ms,3,126,183,0.17,0.1667
0,2021-11-27T10:24:14+00:00,https://www.vk.com/,3g,310,327,310,360,1160,1165,1130,1204,5271,31331,5177,83546,4200,4155,4054,4212,6296,32200,5854,84451,5241,31294,5146,83494,delay,1000ms,3,141,69,0.46,0.46
0,2021-11-27T10:04:30+00:00,https://www.whatsapp.com/,3g,560,560,560,560,430,457,415,525,1138,1095,997,1149,914,881,792,936,2388,2350,2253,2408,1121,1078,981,1133,delay,800ms,3,62,5,0.84,0.8367
0,2021-11-27T09:59:40+00:00,https://www.canva.com/,3g,4267,4265,4262,4267,588,609,566,674,5132,5104,5047,5132,1119,1110,1020,1191,5218,5196,5152,5219,5117,5090,5034,5118,delay,800ms,3,154,209,0.44,0.4333
0,2021-11-27T09:44:29+00:00,https://www.facebook.com/,3g,264,264,264,264,315,314,307,319,1346,1350,1302,1403,712,718,708,733,2541,2542,2513,2572,1333,1336,1287,1389,delay,800ms,3,29,102,0.78,0.7833
0,2021-11-27T09:48:17+00:00,https://www.instagram.com/,3g,323,323,323,323,609,498,269,617,1893,1820,1514,2052,797,693,455,827,3391,3336,3017,3599,1890,1816,1511,2048,delay,800ms,3,14,90,0.71,0.71
0,2021-11-27T10:09:48+00:00,https://www.glassdoor.com/,3g,1146,1146,1146,1146,1269,2075,1114,3842,5600,6070,4107,8503,1769,2532,1566,4261,8495,9240,8210,11015,5518,5988,4040,8405,delay,800ms,3,128,194,0.16,0.1633
0,2021-11-27T09:53:29+00:00,https://www.vk.com/,3g,310,310,310,310,1217,1173,1083,1220,5488,5476,5406,5535,4288,4300,4252,4359,6202,6173,6106,6210,5451,5443,5374,5503,delay,800ms,3,140,69,0.46,0.46
0,2021-11-27T09:34:24+00:00,https://www.whatsapp.com/,3g,560,560,560,560,451,449,436,460,1009,1012,1006,1021,818,817,814,820,2245,2273,2242,2333,993,995,987,1005,delay,600ms,3,57,6,0.83,0.8333
0,2021-11-27T09:29:39+00:00,https://www.canva.com/,3g,4267,4267,4267,4267,560,555,543,563,5110,5215,4762,5773,999,980,824,1116,5187,5305,4853,5876,5095,5199,4747,5756,delay,600ms,3,154,209,0.46,0.4533
0,2021-11-27T09:11:33+00:00,https://www.facebook.com/,3g,264,265,264,266,323,449,314,710,1660,1568,1243,1802,758,876,685,1185,2815,2741,2417,2991,1645,1554,1229,1788,delay,600ms,3,29,103,0.78,0.78
0,2021-11-27T09:15:23+00:00,https://www.instagram.com/,3g,323,261,137,323,293,399,273,631,1759,1539,913,1945,503,609,469,854,3290,2651,1180,3484,1756,1535,907,1942,delay,600ms,3,12,74,0.7,0.7033
0,2021-11-27T09:39:33+00:00,https://www.glassdoor.com/,3g,1146,1146,1146,1146,1141,1411,1088,2005,6154,6485,5876,7424,1554,1933,1522,2723,8344,8656,8168,9455,6066,6397,5780,7346,delay,600ms,3,128,182,0.17,0.1833
0,2021-11-27T09:21:59+00:00,https://www.vk.com/,3g,310,281,222,310,1107,1124,1080,1186,83505,57587,5060,84197,4171,4216,4144,4332,84562,58519,5303,85692,83462,57514,5059,84022,delay,600ms,3,141,63,0.46,0.46
0,2021-11-27T09:01:19+00:00,https://www.whatsapp.com/,3g,560,560,560,560,431,1193,419,2729,1058,1817,1035,3357,861,1605,835,3118,2311,3203,2288,5010,1038,1798,1018,3339,delay,400ms,3,66,6,0.83,0.8333
0,2021-11-27T08:56:37+00:00,https://www.canva.com/,3g,4267,4262,4251,4267,627,610,570,632,4842,4947,4604,5395,1118,1166,1056,1325,4935,5051,4697,5522,4822,4930,4589,5380,delay,400ms,3,159,206,0.43,0.4333
0,2021-11-27T08:13:44+00:00,https://www.facebook.com/,3g,264,264,264,264,343,525,316,916,1470,2134,1239,3692,828,1316,666,2454,2635,4038,2422,7057,1459,2105,1226,3630,delay,400ms,3,54,80,0.78,0.78
0,2021-11-27T08:42:37+00:00,https://www.instagram.com/,3g,323,261,137,323,292,286,266,301,1512,1382,1017,1618,479,503,435,596,3041,2564,1529,3121,1509,1379,1012,1615,delay,400ms,3,14,74,0.71,0.71
0,2021-11-27T09:06:41+00:00,https://www.glassdoor.com/,3g,1146,1146,1146,1146,1093,1319,965,1899,5569,6646,5489,8879,1581,1814,1453,2409,8941,9333,8583,10475,5483,6555,5392,8791,delay,400ms,3,132,183,0.16,0.16
0,2021-11-27T08:49:47+00:00,https://www.vk.com/,3g,310,310,310,310,1081,1083,1079,1088,5064,31204,5054,83494,4037,4075,4013,4176,5756,31974,5743,84424,5031,31168,5023,83449,delay,400ms,3,138,69,0.46,0.46
0,2021-11-27T08:03:57+00:00,https://www.whatsapp.com/,3g,560,560,560,560,478,504,463,572,1050,1081,1028,1166,851,871,816,945,2298,2333,2276,2425,1033,1065,1012,1150,delay,200ms,3,57,6,0.83,0.8333
0,2021-11-27T07:59:14+00:00,https://www.canva.com/,3g,4267,4265,4262,4267,649,668,587,769,5093,5065,4450,5653,1088,1118,1004,1261,5286,5214,4544,5812,5074,5048,4433,5638,delay,200ms,3,158,206,0.42,0.42
0,2021-11-27T07:43:33+00:00,https://www.facebook.com/,3g,264,264,264,264,312,333,303,384,1404,1361,1267,1413,752,745,681,801,2487,2596,2468,2834,1390,1348,1254,1400,delay,200ms,3,25,105,0.78,0.78
0,2021-11-27T07:47:13+00:00,https://www.instagram.com/,3g,323,323,323,323,278,378,272,583,1735,1681,1485,1824,515,576,457,757,3254,3197,3005,3332,1731,1678,1482,1821,delay,200ms,3,12,90,0.71,0.71
0,2021-11-27T08:09:00+00:00,https://www.glassdoor.com/,3g,1146,1146,1146,1146,1817,1578,1071,1846,5923,5937,5519,6370,2223,1999,1527,2246,9049,8849,8357,9142,5818,5842,5428,6281,delay,200ms,3,128,183,0.16,0.16
0,2021-11-27T07:51:48+00:00,https://www.vk.com/,3g,310,327,310,360,1107,1110,1097,1125,5250,5363,5203,5635,4184,4327,4183,4614,6381,6383,6366,6401,5218,5329,5166,5603,delay,200ms,3,141,69,0.46,0.46
0,2021-11-27T07:33:34+00:00,https://www.whatsapp.com/,3g,560,560,560,560,432,440,404,483,1062,1090,1029,1179,854,871,817,941,2305,2332,2277,2413,1047,1072,1010,1160,delay,0ms,3,57,6,0.84,0.83
0,2021-11-27T07:28:59+00:00,https://www.canva.com/,3g,4267,4265,4262,4267,618,744,599,1014,4374,4043,2601,5154,1086,1196,1018,1485,4661,4805,4507,5247,4356,4026,2587,5134,delay,0ms,3,158,205,0.45,0.45
0,2021-11-27T07:13:59+00:00,https://www.facebook.com/,3g,264,264,264,264,373,367,348,380,1401,1463,1399,1589,796,811,770,868,2598,2625,2552,2725,1387,1447,1384,1569,delay,0ms,3,27,102,0.78,0.78
0,2021-11-27T07:17:50+00:00,https://www.instagram.com/,3g,323,323,323,323,274,279,267,295,1466,1544,1458,1707,486,481,451,506,2975,3054,2971,3215,1464,1541,1455,1703,delay,0ms,3,12,90,0.71,0.7067
0,2021-11-27T07:38:40+00:00,https://www.glassdoor.com/,3g,1146,1146,1146,1147,1142,1163,1128,1218,5463,5610,5366,6001,1601,1617,1562,1688,8327,8322,8246,8393,5378,5514,5259,5904,delay,0ms,3,128,183,0.18,0.18
0,2021-11-27T07:22:20+00:00,https://www.vk.com/,3g,222,251,222,310,1098,1102,1090,1118,5177,5241,5063,5483,4137,4131,4119,4138,5746,4125,667,5962,5148,5230,5062,5481,delay,0ms,3,141,57,0.46,0.46
0,2021-11-27T02:45:15+00:00,https://www.whatsapp.com/,3g,560,560,560,560,490,482,424,532,1181,1186,1133,1245,989,970,925,995,2466,2498,2382,2645,1163,1167,1114,1224,delay,1000ms,2,70,0,0.84,0.8367
0,2021-11-27T02:38:49+00:00,https://www.canva.com/,3g,4262,4264,4262,4267,608,634,604,690,5534,4774,3207,5581,1402,1387,1352,1407,5631,5494,5172,5678,5520,4757,3185,5566,delay,1000ms,2,362,0,0.42,0.42
0,2021-11-27T02:24:27+00:00,https://www.facebook.com/,3g,264,264,264,264,327,324,315,331,1399,1385,1340,1415,754,753,734,772,2557,2550,2521,2571,1386,1371,1325,1401,delay,1000ms,2,131,0,0.78,0.7667
0,2021-11-27T02:28:14+00:00,https://www.instagram.com/,3g,323,323,323,323,310,415,273,662,1544,1766,1515,2238,536,660,517,926,3240,3438,3045,4028,1541,1762,1512,2232,delay,1000ms,2,107,0,0.71,0.71
0,2021-11-27T02:49:17+00:00,https://www.glassdoor.com/,3g,1146,1146,1146,1146,2455,2099,1159,2684,7907,7321,6110,7946,3232,2710,1661,3237,10057,9591,8564,10151,7768,7181,5984,7792,delay,1000ms,2,319,0,0.16,0.1667
0,2021-11-27T02:32:20+00:00,https://www.vk.com/,3g,310,310,310,310,1099,1104,1098,1114,5609,5598,5571,5615,4521,4538,4507,4585,6289,6286,6263,6306,5572,5562,5534,5581,delay,1000ms,2,207,0,0.46,0.46
0,2021-11-27T02:13:31+00:00,https://www.whatsapp.com/,3g,560,560,560,560,462,471,440,512,1189,1176,1141,1199,939,946,909,991,2417,2415,2384,2444,1172,1160,1125,1182,delay,800ms,2,68,0,0.84,0.8367
0,2021-11-27T02:07:00+00:00,https://www.canva.com/,3g,4267,4265,4262,4267,555,584,549,648,4965,5000,4865,5169,1081,1091,1042,1149,5334,5313,4959,5646,4951,4985,4851,5154,delay,800ms,2,367,0,0.43,0.4233
0,2021-11-27T01:52:07+00:00,https://www.facebook.com/,3g,264,264,264,264,312,350,310,427,1626,1890,1454,2591,959,988,770,1235,2763,2999,2601,3632,1612,1870,1439,2559,delay,800ms,2,131,0,0.78,0.78
0,2021-11-27T01:56:14+00:00,https://www.instagram.com/,3g,323,323,323,323,281,278,271,282,1593,1652,1554,1810,512,541,495,617,3098,3161,3060,3326,1589,1648,1550,1806,delay,800ms,2,103,0,0.71,0.7067
0,2021-11-27T02:17:35+00:00,https://www.glassdoor.com/,3g,1146,1146,1146,1147,1842,1767,994,2465,7445,8028,7155,9485,2957,2875,2408,3260,10041,10349,9487,11518,7367,7777,7075,8888,delay,800ms,2,318,0,0.16,0.1567
0,2021-11-27T02:00:28+00:00,https://www.vk.com/,3g,310,327,310,360,1120,1109,1076,1130,5651,5603,5501,5657,4578,4566,4483,4638,6307,6277,6169,6356,5615,5567,5469,5616,delay,800ms,2,210,0,0.46,0.46
0,2021-11-27T01:37:14+00:00,https://www.whatsapp.com/,3g,560,560,560,560,480,479,476,482,1384,1986,1307,3267,1102,1581,1020,2620,4903,6351,2540,11609,1362,1951,1284,3207,delay,600ms,2,66,0,0.83,0.8267
0,2021-11-27T01:30:13+00:00,https://www.canva.com/,3g,4267,4265,4262,4267,617,635,580,707,5687,5820,5446,6326,1420,1393,1312,1446,6459,6353,5944,6655,5673,5804,5435,6303,delay,600ms,2,371,0,0.44,0.4367
0,2021-11-26T16:19:50+00:00,https://www.facebook.com/,3g,264,264,264,264,293,284,264,294,1341,1392,1321,1515,757,763,713,818,2502,2518,2435,2618,1326,1376,1307,1494,delay,600ms,2,131,0,0.79,0.7933
0,2021-11-26T16:24:02+00:00,https://www.instagram.com/,3g,323,323,323,323,633,533,315,651,1752,1708,1427,1944,867,751,504,882,3204,3158,2881,3388,1749,1705,1424,1942,delay,600ms,2,104,0,0.71,0.71
0,2021-11-27T01:43:45+00:00,https://www.glassdoor.com/,3g,1146,1146,1146,1146,1129,1524,1110,2334,7575,13712,7395,26167,2142,3560,1779,6758,9791,16086,9710,28757,7416,13510,7175,25938,delay,600ms,2,317,0,0.18,0.17
0,2021-11-26T16:28:20+00:00,https://www.vk.com/,3g,310,310,310,310,1078,1099,1039,1180,5600,5626,5587,5692,4567,4566,4559,4572,6340,6311,6249,6343,5567,5595,5559,5659,delay,600ms,2,207,0,0.46,0.46
0,2021-11-26T16:06:49+00:00,https://www.whatsapp.com/,3g,560,560,560,560,486,496,451,552,1280,1282,1192,1374,992,1032,961,1142,2583,2751,2359,3310,1257,1262,1172,1357,delay,400ms,2,90,0,0.84,0.84
0,2021-11-26T15:55:07+00:00,https://www.canva.com/,3g,4267,4267,4267,4267,560,613,549,731,4955,4628,3304,5626,1104,1136,1059,1246,5855,6092,5060,7360,4941,4612,3286,5610,delay,400ms,2,366,0,0.44,0.4333
0,2021-11-26T15:38:09+00:00,https://www.facebook.com/,3g,264,264,264,264,295,291,283,296,1344,1355,1305,1417,734,734,729,738,2416,2448,2414,2515,1329,1341,1291,1403,delay,400ms,2,131,0,0.78,0.7833
0,2021-11-26T15:41:58+00:00,https://www.instagram.com/,3g,323,323,323,323,283,295,276,325,1555,1553,1489,1615,533,540,496,592,3169,3239,2999,3549,1553,1550,1486,1612,delay,400ms,2,106,0,0.71,0.71
0,2021-11-26T16:11:04+00:00,https://www.glassdoor.com/,3g,1146,1146,1146,1146,1674,1500,1063,1764,6535,6507,5762,7225,2140,2030,1506,2444,9183,9726,8423,11573,6448,6417,5673,7131,delay,400ms,2,315,0,0.15,0.1533
0,2021-11-26T15:47:28+00:00,https://www.vk.com/,3g,310,316,278,360,1144,1119,1054,1160,5610,32033,5586,84904,4627,4607,4560,4633,6249,32560,5833,85598,5585,32008,5570,84869,delay,400ms,2,206,0,0.46,0.46
0,2021-11-26T15:27:22+00:00,https://www.whatsapp.com/,3g,560,560,560,560,436,441,421,466,1179,1189,1097,1290,916,947,914,1010,2374,2476,2297,2756,1160,1169,1078,1270,delay,200ms,2,69,0,0.83,0.8333
0,2021-11-26T15:20:52+00:00,https://www.canva.com/,3g,4267,4265,4262,4267,652,639,574,690,5658,5648,5156,6131,1157,1185,1150,1248,5764,8042,5252,13110,5641,5631,5137,6114,delay,200ms,2,365,0,0.42,0.4233
0,2021-11-26T15:04:08+00:00,https://www.facebook.com/,3g,264,264,264,264,322,304,257,334,1451,1885,1392,2812,817,969,797,1293,2697,3087,2613,3950,1436,1867,1379,2786,delay,200ms,2,130,0,0.78,0.78
0,2021-11-26T15:08:19+00:00,https://www.instagram.com/,3g,323,323,323,323,735,5047,281,14125,2646,6489,1411,15410,1297,5399,496,14403,4249,11274,2920,26654,2639,6484,1407,15406,delay,200ms,2,115,0,0.71,0.71
0,2021-11-26T15:31:26+00:00,https://www.glassdoor.com/,3g,1146,1146,1146,1146,2212,1891,1162,2299,6777,6398,5605,6812,2876,2573,1684,3160,9502,9194,8446,9635,6687,6306,5512,6720,delay,200ms,2,310,0,0.16,0.16
0,2021-11-26T15:13:05+00:00,https://www.vk.com/,3g,310,281,222,310,1092,1088,1073,1099,5540,5518,5418,5597,4541,4506,4397,4580,6092,6111,5792,6449,5538,5496,5384,5565,delay,200ms,2,203,0,0.46,0.46
0,2021-11-26T14:52:50+00:00,https://www.whatsapp.com/,3g,560,560,560,560,464,509,430,632,1198,1206,1093,1326,961,968,853,1089,2521,2510,2457,2552,1178,1187,1077,1305,delay,0ms,2,69,0,0.84,0.83
0,2021-11-26T14:45:55+00:00,https://www.canva.com/,3g,4267,4267,4267,4267,620,645,583,732,5256,4830,3608,5627,1432,1401,1199,1572,5619,5792,5354,6403,5239,4811,3582,5612,delay,0ms,2,367,0,0.43,0.4267
0,2021-11-26T14:32:13+00:00,https://www.facebook.com/,3g,264,264,264,264,328,328,320,335,1348,1338,1302,1364,738,742,731,758,2536,2537,2499,2575,1337,1325,1290,1348,delay,0ms,2,134,0,0.78,0.78
0,2021-11-26T14:36:12+00:00,https://www.instagram.com/,3g,323,323,323,323,278,281,277,287,1486,1539,1394,1737,506,515,502,538,3185,3157,3002,3283,1483,1535,1390,1732,delay,0ms,2,103,0,0.71,0.71
0,2021-11-26T14:57:05+00:00,https://www.glassdoor.com/,3g,1146,1146,1146,1146,1200,1416,1128,1920,6944,6763,6094,7250,1759,2055,1641,2766,8593,9253,8503,10664,6854,6667,5986,7160,delay,0ms,2,314,0,0.16,0.1667
0,2021-11-26T14:40:34+00:00,https://www.vk.com/,3g,310,281,222,310,1101,1130,1089,1201,5564,5589,5310,5893,4557,4598,4357,4879,6250,6307,6124,6547,5533,5567,5307,5862,delay,0ms,2,202,0,0.46,0.46
0,2021-11-27T02:47:14+00:00,https://www.whatsapp.com/,3g,560,560,560,560,422,492,412,642,1136,1163,1060,1294,921,936,819,1068,2377,2415,2317,2552,1116,1145,1042,1276,delay,1000ms,3,62,5,0.83,0.8267
0,2021-11-27T02:42:04+00:00,https://www.canva.com/,3g,4267,4265,4262,4267,601,610,600,629,5424,4898,3063,6208,1126,1175,1114,1285,5942,5952,5585,6328,5407,4878,3035,6191,delay,1000ms,3,159,205,0.41,0.42
0,2021-11-27T02:26:19+00:00,https://www.facebook.com/,3g,264,264,264,264,323,330,312,355,1433,1416,1363,1451,774,774,713,835,2560,2542,2465,2602,1417,1400,1348,1436,delay,1000ms,3,31,102,0.78,0.78
0,2021-11-27T02:30:15+00:00,https://www.instagram.com/,3g,323,323,323,323,285,369,255,568,1718,1736,1612,1878,492,581,490,760,3251,3283,3141,3458,1714,1733,1609,1875,delay,1000ms,3,14,90,0.71,0.71
0,2021-11-27T02:52:48+00:00,https://www.glassdoor.com/,3g,1146,1146,1146,1146,1132,1300,1039,1728,6254,6303,6004,6652,1744,1839,1575,2197,8489,8592,8408,8879,6162,6197,5873,6555,delay,1000ms,3,128,183,0.15,0.1567
0,2021-11-27T02:36:04+00:00,https://www.vk.com/,3g,310,310,310,310,1092,1112,1069,1175,5201,5452,5079,6076,4157,4405,4037,5021,5987,6412,5769,7479,5168,5412,5043,6025,delay,1000ms,3,141,69,0.46,0.46
0,2021-11-27T02:15:34+00:00,https://www.whatsapp.com/,3g,560,560,560,560,561,521,441,562,1223,1481,1131,2090,993,1231,886,1813,2463,2879,2363,3811,1207,1462,1113,2066,delay,800ms,3,62,6,0.83,0.83
0,2021-11-27T02:10:20+00:00,https://www.canva.com/,3g,4267,4265,4262,4267,607,817,580,1265,5159,6345,3711,10166,1232,1565,1144,2318,6143,7243,5312,10275,5143,6315,3667,10135,delay,800ms,3,156,208,0.43,0.4267
0,2021-11-27T01:54:10+00:00,https://www.facebook.com/,3g,264,264,264,264,316,316,314,318,1540,1549,1521,1585,831,832,812,852,2617,2641,2604,2701,1525,1531,1501,1567,delay,800ms,3,29,102,0.78,0.78
0,2021-11-27T01:58:19+00:00,https://www.instagram.com/,3g,323,323,323,323,291,398,272,630,1778,1864,1754,2061,557,652,535,864,3678,3557,3311,3682,1774,1861,1752,2058,delay,800ms,3,17,90,0.71,0.71
0,2021-11-27T02:21:07+00:00,https://www.glassdoor.com/,3g,1146,1146,1146,1146,2405,1971,1083,2424,6709,6615,6127,7008,3042,2573,1541,3136,10697,10131,8270,11425,6632,6517,6024,6894,delay,800ms,3,139,183,0.17,0.1733
0,2021-11-27T02:03:45+00:00,https://www.vk.com/,3g,310,316,278,360,1083,1113,1080,1177,5361,5496,5274,5854,4391,4416,4223,4634,6071,6209,5996,6561,5360,5469,5228,5819,delay,800ms,3,143,63,0.46,0.46
0,2021-11-27T01:40:15+00:00,https://www.whatsapp.com/,3g,560,560,560,560,441,467,408,552,2168,2241,2041,2513,1714,1733,1447,2037,3442,3590,3412,3916,2133,2209,2011,2483,delay,600ms,3,62,6,0.8,0.8033
0,2021-11-27T01:33:37+00:00,https://www.canva.com/,3g,4267,4265,4262,4267,572,565,551,573,5421,5956,5040,7406,1521,1480,1154,1764,5572,6376,5132,8423,5402,5938,5023,7389,delay,600ms,3,175,206,0.42,0.4167
0,2021-11-26T16:22:04+00:00,https://www.facebook.com/,3g,264,264,264,264,277,279,262,297,1327,1302,1240,1339,684,684,660,709,2500,2482,2441,2504,1313,1288,1227,1323,delay,600ms,3,29,102,0.78,0.78
0,2021-11-26T16:26:17+00:00,https://www.instagram.com/,3g,323,323,323,323,289,288,274,302,1590,1598,1535,1670,449,455,426,491,3096,3188,3013,3455,1587,1596,1533,1667,delay,600ms,3,14,90,0.71,0.71
0,2021-11-27T01:48:17+00:00,https://www.glassdoor.com/,3g,1146,1144,1140,1146,1804,1783,1074,2471,8256,8177,7595,8679,3090,2779,1790,3456,10275,9976,9022,10632,8170,8061,7493,8521,delay,600ms,3,127,179,0.17,0.17
0,2021-11-26T16:30:52+00:00,https://www.vk.com/,3g,310,281,222,310,1198,1274,1107,1516,6759,32603,5280,85770,4342,4773,4319,5659,7632,33384,5542,86977,6701,32556,5279,85688,delay,600ms,3,143,62,0.46,0.46
0,2021-11-26T16:09:00+00:00,https://www.whatsapp.com/,3g,560,560,560,560,429,449,417,502,1250,1221,1134,1280,1014,986,897,1047,2510,2563,2436,2742,1222,1199,1114,1261,delay,400ms,3,59,5,0.84,0.83
0,2021-11-26T15:58:20+00:00,https://www.canva.com/,3g,4267,4262,4251,4267,621,605,549,645,5031,5434,4806,6464,1174,1143,1039,1216,6613,7847,4904,12025,5018,5417,4794,6439,delay,400ms,3,158,206,0.44,0.4267
0,2021-11-26T15:40:02+00:00,https://www.facebook.com/,3g,264,264,264,264,284,283,272,292,1380,1407,1318,1524,752,782,696,897,2561,2581,2545,2638,1367,1394,1303,1512,delay,400ms,3,30,102,0.79,0.79
0,2021-11-26T15:44:01+00:00,https://www.instagram.com/,3g,323,323,323,323,294,401,287,623,1698,1772,1599,2019,516,616,481,852,3152,3214,3035,3454,1695,1769,1596,2016,delay,400ms,3,18,89,0.71,0.7033
0,2021-11-26T16:16:05+00:00,https://www.glassdoor.com/,3g,1146,1146,1146,1146,1225,1229,1202,1261,6879,6948,6436,7530,1838,1870,1777,1996,9972,10058,8982,11220,6778,6841,6332,7412,delay,400ms,3,131,183,0.16,0.1667
0,2021-11-26T15:51:55+00:00,https://www.vk.com/,3g,310,283,228,310,1112,1153,1084,1262,5403,5566,4945,6350,4155,4179,4020,4362,6115,6122,5194,7058,5364,5542,4944,6319,delay,400ms,3,138,63,0.46,0.46
0,2021-11-26T15:29:18+00:00,https://www.whatsapp.com/,3g,560,560,560,560,502,524,450,619,1274,1228,1113,1298,1036,998,913,1045,2485,2601,2352,2965,1255,1209,1093,1278,delay,200ms,3,64,5,0.83,0.8267
0,2021-11-26T15:24:07+00:00,https://www.canva.com/,3g,4267,4267,4267,4267,618,609,585,624,5850,5744,4908,6474,1430,1372,1075,1611,6063,5942,5008,6754,5834,5722,4892,6439,delay,200ms,3,154,204,0.39,0.4
0,2021-11-26T15:06:13+00:00,https://www.facebook.com/,3g,264,264,264,264,347,350,327,377,1579,1679,1454,2003,900,912,752,1085,2945,2969,2812,3151,1563,1661,1439,1982,delay,200ms,3,31,102,0.78,0.78
0,2021-11-26T15:10:55+00:00,https://www.instagram.com/,3g,323,323,323,323,290,399,279,628,1829,1904,1805,2078,531,634,508,862,3355,3419,3298,3603,1825,1900,1800,2075,delay,200ms,3,16,90,0.71,0.71
0,2021-11-26T15:34:56+00:00,https://www.glassdoor.com/,3g,1146,1146,1146,1146,1149,1155,1125,1191,5787,5354,4185,6089,1704,1706,1573,1840,8641,8585,8333,8780,5699,5266,4106,5994,delay,200ms,3,129,183,0.18,0.17
0,2021-11-26T15:16:56+00:00,https://www.vk.com/,3g,310,310,310,310,1153,1153,1093,1212,5346,5321,5202,5415,4268,4277,4167,4396,6083,6063,5906,6200,5308,5280,5155,5377,delay,200ms,3,138,69,0.46,0.46
0,2021-11-26T14:54:53+00:00,https://www.whatsapp.com/,3g,560,560,560,560,565,545,485,585,1240,1252,1205,1312,1018,1039,1006,1094,2489,2489,2433,2544,1217,1233,1186,1295,delay,0ms,3,60,5,0.84,0.8333
0,2021-11-26T14:49:30+00:00,https://www.canva.com/,3g,4267,4265,4262,4267,611,597,556,625,5472,5463,5443,5474,1190,1207,1172,1258,6686,8204,5579,12348,5453,5446,5428,5456,delay,0ms,3,160,205,0.41,0.4133
0,2021-11-26T14:34:17+00:00,https://www.facebook.com/,3g,264,264,264,264,339,341,331,352,1502,1481,1415,1526,810,800,776,814,2638,2564,2384,2671,1485,1466,1403,1511,delay,0ms,3,33,102,0.78,0.78
0,2021-11-26T15:00:32+00:00,https://www.glassdoor.com/,3g,1146,1146,1146,1146,1326,1363,1302,1462,6497,6543,6309,6823,1907,1920,1856,1996,8885,8919,8878,8994,6375,6447,6231,6735,delay,0ms,3,128,182,0.18,0.18
0,2021-11-26T14:43:11+00:00,https://www.vk.com/,3g,310,327,310,360,1193,1232,1087,1417,5534,5690,5416,6121,4447,4571,4195,5071,6272,6425,6107,6896,5483,5646,5378,6078,delay,0ms,3,143,69,0.46,0.46
