,timestamp,url,profile,domElements_median,domElements_mean,domElements_min,domElements_max,ttfb_median,ttfb_mean,ttfb_min,ttfb_max,loadEventEnd_median,loadEventEnd_mean,loadEventEnd_min,loadEventEnd_max,firstPaint_median,firstPaint_mean,firstPaint_min,firstPaint_max,fullyLoaded_median,fullyLoaded_mean,fullyLoaded_min,fullyLoaded_max,domComplete_median,domComplete_mean,domComplete_min,domComplete_max,throttleType,throttleparameter,httpVersion,lighthouse_performance,first-contentful-paint_score,first-contentful-paint_numericValue,largest-contentful-paint_score,largest-contentful-paint_numericValue,speed-index_score,speed-index_numericValue,total-blocking-time_score,total-blocking-time_numericValue,cumulative-layout-shift_score,cumulative-layout-shift_numericValue
0,2021-11-15T07:38:17+00:00,https://www.whatsapp.com/,3g,560,560,560,560,469,477,442,520,1126,1098,1031,1136,933,896,801,955,2356,2330,2263,2372,1115,1087,1019,1127,delay,600ms,2,0.83,0.62,2647.071,0.51,3967.397,0.97,2647.071,1,0,1,0.0137546658
0,2021-11-15T07:46:03+00:00,https://www.glassdoor.com/,3g,1144,1144,1144,1144,1458,1547,1277,1907,9018,9222,8330,10319,2349,2449,1878,3119,10879,11063,10273,12038,8890,9121,8246,10226,delay,600ms,2,0.15,0.28,3800.413,0,10751.5425,0.01,16065.17839,0,24325.932,0.82,0.1294411214
0,2021-11-15T07:34:19+00:00,https://www.canva.com/,3g,4254,4254,4254,4254,747,990,555,1667,5642,5615,4723,6479,1281,1540,1209,2131,5731,5797,5090,6570,5631,5605,4714,6470,delay,600ms,2,0.42,0.66,2537.392,0.59,3691.17,0.37,6695.278037,0.03,3114.5,1,0.001323025174
0,2021-11-15T07:17:05+00:00,https://www.whatsapp.com/,3g,560,560,560,560,491,496,461,535,1219,1190,1092,1260,947,929,864,976,2441,2411,2314,2477,1201,1172,1078,1238,delay,500ms,2,0.84,0.63,2627.51,0.52,3919.62,0.97,2627.51,1,0,1,0.0137546658
0,2021-11-15T07:25:35+00:00,https://www.glassdoor.com/,3g,1144,1144,1144,1145,1773,2008,1124,3126,7272,7934,6934,9595,2246,2512,1575,3716,9571,10074,9093,11558,7194,7842,6831,9501,delay,500ms,2,0.16,0.32,3609.525,0,10421.0625,0.01,14928.27037,0,20748.143,0.82,0.1285707601
0,2021-11-15T07:12:47+00:00,https://www.canva.com/,3g,4254,4258,4254,4266,607,589,543,617,4331,5322,4300,7336,1019,1187,1010,1533,4586,8123,4409,15373,4323,5312,4289,7325,delay,500ms,2,0.41,0.67,2527.854,0.56,3790.854,0.36,6762.892617,0.01,4344.6795,1,0.001323025174
0,2021-11-15T06:31:14+00:00,https://www.whatsapp.com/,3g,560,560,560,560,429,460,412,539,1089,1105,995,1232,778,835,773,954,3402,3107,2455,3463,1070,1090,983,1216,delay,300ms,2,0.83,0.63,2626.643,0.51,3968.961,0.97,2626.643,1,0,1,0.0137546658
0,2021-11-15T06:42:03+00:00,https://www.glassdoor.com/,3g,1144,1144,1144,1144,1207,1200,1091,1302,7911,8182,7729,8907,1819,1873,1725,2076,9617,9911,9452,10664,7806,8084,7624,8822,delay,300ms,2,0.16,0.27,3844.034,0.03,7889.691,0,17166.54693,0,24812.8,0.82,0.1294411214
0,2021-11-15T06:26:37+00:00,https://www.canva.com/,3g,4254,4254,4254,4254,634,612,543,659,5400,6031,5278,7416,1234,1248,1103,1406,13861,11609,5414,15553,5393,6018,5259,7402,delay,300ms,2,0.43,0.73,2360.987,0.68,3361.988,0.27,7530.233154,0.01,4910.898,1,0.0009662272135
0,2021-11-15T07:59:18+00:00,https://www.whatsapp.com/,3g,560,560,560,560,457,451,432,463,1006,1076,971,1250,830,857,803,939,2201,1718,492,2462,994,1060,958,1227,delay,700ms,2,0.83,0.63,2637.055,0.5,3983.866,0.97,2637.055,1,0,1,0.0137546658
0,2021-11-15T08:08:07+00:00,https://www.glassdoor.com/,3g,1144,1144,1144,1145,1213,1197,1053,1326,6685,6622,6453,6729,1733,1712,1634,1770,9244,6193,53,9283,6594,6534,6369,6638,delay,700ms,2,0.14,0.31,3668.23,0,10802.9615,0.01,14822.37899,0,21696,0.75,0.1527575684
0,2021-11-15T07:55:07+00:00,https://www.canva.com/,3g,4254,4254,4254,4254,609,586,528,622,6164,6328,5287,7534,1321,1304,1158,1434,13711,11247,6260,13769,6154,6317,5276,7520,delay,700ms,2,0.28,0.76,2270.626,0.09,6523.65,0.24,7811.95074,0.01,4570,1,0.001323025174
0,2021-11-15T06:55:00+00:00,https://www.whatsapp.com/,3g,560,560,560,560,439,440,439,441,972,970,961,978,803,801,785,814,2198,2212,2189,2250,961,960,952,968,delay,400ms,2,0.83,0.63,2628.622,0.51,3974.389,0.97,2628.622,1,0,1,0.0137546658
0,2021-11-15T07:03:57+00:00,https://www.glassdoor.com/,3g,1144,1144,1144,1144,3183,2685,1291,3582,8962,8739,7958,9298,3575,3383,2537,4036,10784,10518,9344,11426,8875,8655,7859,9230,delay,400ms,2,0.15,0.27,3842.868,0,10606.254,0.01,14567.40501,0,23322.5,0.82,0.1285707601
0,2021-11-15T06:51:06+00:00,https://www.canva.com/,3g,4254,4254,4254,4254,605,601,576,623,5675,6161,5562,7245,1242,1257,1227,1303,13863,13868,13819,13922,5655,6137,5553,7202,delay,400ms,2,0.46,0.66,2552.525,0.86,2702.525,0.25,7690.11541,0,5462,1,0.0009662272135
0,2021-11-15T06:08:11+00:00,https://www.whatsapp.com/,3g,560,560,560,560,577,651,442,934,1212,1360,1126,1743,998,1095,851,1437,2446,2589,2355,2965,1198,1345,1110,1726,delay,200ms,2,0.83,0.63,2636.4,0.51,3971.04,0.97,2636.4,1,0,1,0.0137546658
0,2021-11-15T06:16:54+00:00,https://www.glassdoor.com/,3g,1144,1144,1144,1144,1821,2583,1077,4852,10368,9955,7408,12088,4018,3717,1629,5504,13971,13636,9148,17788,10273,9856,7308,11988,delay,200ms,2,0.15,0.29,3732.755,0,13668.485,0,17709.6906,0,26962,0.82,0.1311366442
0,2021-11-15T06:03:45+00:00,https://www.canva.com/,3g,4254,4254,4254,4254,579,574,554,588,5440,9821,5313,18711,1225,1205,1083,1308,13865,12837,5851,18796,5428,9810,5300,18703,delay,200ms,2,0.41,0.75,2302.288,0.63,3537.756,0.21,8134.773214,0.01,5405.5,1,0.001323025174
0,2021-11-15T08:20:40+00:00,https://www.whatsapp.com/,3g,560,560,560,560,462,454,424,476,988,992,980,1008,812,803,767,830,2215,2226,2209,2253,976,981,968,998,delay,800ms,2,0.83,0.63,2633.048,0.51,3970.508,0.97,2633.048,1,0,1,0.0137546658
0,2021-11-15T08:27:31+00:00,https://www.glassdoor.com/,3g,1144,1144,1144,1144,1718,1712,1513,1905,6927,6987,6761,7272,2511,2620,2135,3214,9632,9600,9285,9884,6842,6902,6677,7187,delay,800ms,2,0.15,0.26,3897.623,0,10552.3,0.01,15093.2822,0,20550.2915,0.82,0.1300050863
0,2021-11-15T08:16:42+00:00,https://www.canva.com/,3g,4254,4254,4254,4254,634,627,592,656,5059,5123,4819,5492,1120,1176,1038,1370,642,1943,47,5140,5050,5113,4812,5478,delay,800ms,2,0.42,0.63,2631.392,0.63,3557.3365,0.32,7094.400484,0.02,3757.5,1,0.001323025174
0,2021-11-15T08:39:51+00:00,https://www.whatsapp.com/,3g,560,560,560,560,444,439,424,450,1102,1090,1061,1108,873,874,830,918,2337,2321,2288,2339,1090,1078,1049,1096,delay,900ms,2,0.83,0.62,2652.939,0.5,3989.828,0.97,2652.939,1,0,1,0.0137546658
0,2021-11-15T08:46:58+00:00,https://www.glassdoor.com/,3g,1144,1144,1144,1144,1188,1188,1158,1218,7824,7840,7486,8210,1717,1736,1624,1867,9455,9538,9303,9855,7728,7750,7410,8112,delay,900ms,2,0.16,0.26,3887.222,0.04,7677.6255,0.01,15494.64789,0,24849,0.84,0.1242567952
0,2021-11-15T08:35:50+00:00,https://www.canva.com/,3g,4254,4254,4254,4254,573,587,552,637,5278,5111,4718,5338,1101,1133,1042,1257,5374,5239,4791,5552,5270,5102,4710,5327,delay,900ms,2,0.5,0.78,2194.316,0.9,2502.316,0.37,6652.643547,0.01,4350.522,1,0.001323025174
0,2021-11-15T05:43:27+00:00,https://www.whatsapp.com/,3g,560,560,560,560,453,466,451,495,1214,1196,1091,1284,935,941,846,1042,2441,2423,2313,2515,1197,1182,1077,1271,delay,100ms,2,0.83,0.63,2632.083,0.5,3987.87,0.97,2632.083,1,0,1,0.0137546658
0,2021-11-15T05:53:37+00:00,https://www.glassdoor.com/,3g,1144,1144,1144,1144,1214,1191,1121,1238,8887,9165,8424,10184,1957,1988,1824,2182,10987,10988,10348,11629,8766,9034,8284,10051,delay,100ms,2,0.15,0.2,4206.07,0,13293.16,0,20350.24069,0,32878.075,0.84,0.1242567952
0,2021-11-15T05:39:05+00:00,https://www.canva.com/,3g,4254,4254,4254,4254,614,610,572,644,6077,6253,5828,6855,1362,1374,1313,1448,6942,9100,6160,14199,6067,6241,5820,6837,delay,100ms,2,0.42,0.68,2489.529,0.64,3490.521,0.27,7478.985357,0.01,4133.8455,1,0.001323025174
0,2021-11-15T08:59:48+00:00,https://www.whatsapp.com/,3g,560,560,560,560,629,591,483,662,1236,1171,1028,1248,1009,957,835,1027,2455,2392,2257,2463,1222,1157,1016,1233,delay,1000ms,2,0.81,0.63,2631.998,0.41,4364.0935,0.97,2631.998,1,0,1,0.0137546658
0,2021-11-15T09:12:03+00:00,https://www.glassdoor.com/,3g,1144,1144,1144,1144,1236,1897,1216,3240,8265,8740,7660,10295,1885,2523,1750,3933,10637,10960,9835,12408,8136,8634,7567,10198,delay,1000ms,2,0.16,0.31,3639.031,0,17657.891,0,21626.04882,0,35593.5,0.85,0.1204335531
0,2021-11-15T08:55:51+00:00,https://www.canva.com/,3g,4254,4254,4254,4254,607,759,564,1107,5385,5223,4720,5564,1057,1265,1048,1690,5484,5318,4822,5648,5375,5212,4711,5549,delay,1000ms,2,0.41,0.69,2455.44,0.55,3802.44,0.35,6839.362166,0.02,3229.9335,1,0.0009662272135
0,2021-11-15T05:21:28+00:00,https://www.whatsapp.com/,3g,560,560,560,560,446,447,442,453,984,962,918,984,798,796,773,816,2209,2190,2148,2212,972,951,909,972,delay,0ms,2,0.8,0.63,2628.893,0.37,4513.4555,0.97,2628.893,1,0,1,0.0137546658
0,2021-11-15T05:29:27+00:00,https://www.glassdoor.com/,3g,1144,1144,1144,1144,2178,2599,1807,3811,7750,7915,7052,8944,3170,3767,3049,5083,9694,10277,9590,11546,7676,7839,6982,8860,delay,0ms,2,0.15,0.21,4126.097,0.01,9307.68,0.01,15058.80032,0,17580.5,0.82,0.1311366442
0,2021-11-15T05:17:50+00:00,https://www.canva.com/,3g,4254,4254,4254,4254,613,1093,594,2073,5075,5405,5030,6110,1314,1753,1302,2642,5579,5641,5156,6187,5066,5397,5022,6102,delay,0ms,2,0.4,0.67,2519.168,0.55,3806.168,0.32,7029.893461,0.02,3248.5,1,0.0009662272135
0,2021-11-15T07:39:42+00:00,https://www.whatsapp.com/,3g,560,560,560,560,519,544,488,625,1199,1185,1154,1203,994,990,978,997,2433,2418,2383,2437,1189,1175,1142,1193,delay,600ms,3,0.84,0.63,2632.205,0.52,3928.978,0.97,2632.205,1,0,1,0.0137546658
0,2021-11-15T07:48:44+00:00,https://www.glassdoor.com/,3g,1144,1144,1144,1144,2295,2246,1921,2523,8606,8790,8496,9268,3805,3635,3256,3845,10864,10975,10718,11342,8522,8689,8390,9155,delay,600ms,3,0.15,0.26,3867.274,0,11392.86,0,17235.83091,0,29306.5,0.83,0.1256178792
0,2021-11-15T07:36:21+00:00,https://www.canva.com/,3g,4254,4254,4254,4254,585,586,551,623,4703,4636,4393,4812,1168,1157,1092,1211,4806,4737,4479,4926,4695,4627,4385,4801,delay,600ms,3,0.4,0.66,2541.855,0.55,3803.855,0.26,7559.433583,0.02,3413.5,1,0.001323025174
0,2021-11-15T07:18:35+00:00,https://www.whatsapp.com/,3g,560,560,560,560,652,584,448,653,1156,1205,1051,1409,1002,987,835,1123,2398,2500,2288,2815,1146,1191,1037,1391,delay,500ms,3,0.83,0.63,2637.27,0.51,3976.146,0.97,2637.27,1,0,1,0.0137546658
0,2021-11-15T07:28:03+00:00,https://www.glassdoor.com/,3g,1144,1144,1144,1144,1250,1908,1153,3322,6407,8081,6282,11555,1746,2381,1550,3848,8973,11672,8853,17190,6326,7998,6199,11470,delay,500ms,3,0.18,0.27,3849.498,0,10506.6445,0.02,13960.03616,0,19350,1,0.01164876302
0,2021-11-15T07:15:05+00:00,https://www.canva.com/,3g,4266,4262,4254,4266,596,638,590,727,5349,6830,5022,10118,1271,1286,1219,1367,5710,8527,5098,14774,5341,6821,5015,10106,delay,500ms,3,0.41,0.68,2492.359,0.56,3797.359,0.35,6807.115344,0.01,3999,1,0.0009662272135
0,2021-11-15T06:32:55+00:00,https://www.whatsapp.com/,3g,560,560,560,560,454,450,441,456,1177,1202,1091,1338,891,921,877,996,2336,1599,47,2415,1160,1182,1078,1309,delay,300ms,3,0.84,0.62,2643.991,0.54,3869.797,0.97,2643.991,1,0,1,0.0137546658
0,2021-11-15T06:44:54+00:00,https://www.glassdoor.com/,3g,1144,1144,1144,1144,1999,2266,1995,2804,8456,8518,8348,8749,2615,3178,2514,4406,10482,10640,10130,11309,8358,8413,8218,8664,delay,300ms,3,0.14,0.27,3852.654,0,10756.511,0.01,14909.4195,0,21262.5,0.75,0.1527575684
0,2021-11-15T06:29:08+00:00,https://www.canva.com/,3g,4254,4254,4254,4254,633,629,558,695,5256,5225,4959,5460,1268,1236,1128,1312,5362,5496,5331,5795,5247,5213,4947,5445,delay,300ms,3,0.42,0.75,2305.753,0.64,3490.737,0.25,7747.455937,0.01,5120.439,1,0.001323025174
0,2021-11-15T08:00:51+00:00,https://www.whatsapp.com/,3g,560,560,560,560,481,483,458,510,1311,1274,1117,1394,1019,1011,883,1130,2344,1833,511,2643,1298,1257,1096,1377,delay,700ms,3,0.83,0.63,2628.933,0.51,3967.905,0.97,2628.933,1,0,1,0.0137546658
0,2021-11-15T08:10:44+00:00,https://www.glassdoor.com/,3g,1144,1144,1144,1145,1203,1481,1174,2067,7126,7360,6879,8076,1681,2013,1636,2723,9553,9745,9320,10361,7030,7247,6801,7911,delay,700ms,3,0.17,0.28,3794.65,0.05,7284.347,0.01,15121.57723,0,22844.7935,0.85,0.1204335531
0,2021-11-15T07:57:20+00:00,https://www.canva.com/,3g,4254,4254,4254,4254,730,671,545,737,5725,5769,5201,6382,1242,1265,1122,1432,6520,8659,5317,14139,5708,5754,5184,6369,delay,700ms,3,0.43,0.77,2248.125,0.63,3558.125,0.37,6695.868184,0.01,4223.5,1,0.001323025174
0,2021-11-15T06:56:21+00:00,https://www.whatsapp.com/,3g,560,560,560,560,474,478,456,505,996,992,974,1006,818,818,804,833,2235,2266,2216,2348,986,983,965,997,delay,400ms,3,0.84,0.68,2497.805,0.51,3967.214,0.98,2497.805,1,0,1,0.0137546658
0,2021-11-15T07:06:38+00:00,https://www.glassdoor.com/,3g,1144,1144,1144,1145,1418,1345,1175,1442,7669,7485,7109,7677,1866,1775,1579,1880,9504,9661,9178,10302,7564,7387,7021,7575,delay,400ms,3,0.18,0.31,3635.631,0,10606.904,0.02,14198.44236,0,18605.966,1,0.0117586263
0,2021-11-15T06:53:16+00:00,https://www.canva.com/,3g,4254,4258,4254,4266,557,664,519,916,5179,4945,4355,5300,1093,1188,1034,1437,5313,5057,4424,5435,5170,4932,4348,5278,delay,400ms,3,0.44,0.68,2490.217,0.64,3511.084,0.44,6155.068517,0.03,2892,1,0.0009662272135
0,2021-11-15T06:09:43+00:00,https://www.whatsapp.com/,3g,560,560,560,560,452,587,442,867,1326,1319,1202,1429,1022,1055,890,1254,2553,2548,2421,2670,1304,1301,1181,1417,delay,200ms,3,0.83,0.63,2635.664,0.5,3996.897,0.97,2635.664,1,0,1,0.0137546658
0,2021-11-15T06:19:47+00:00,https://www.glassdoor.com/,3g,1144,1144,1144,1144,1910,1718,1241,2004,8577,8640,7774,9568,2417,2770,1986,3907,1335,5356,1107,13626,8463,8540,7687,9470,delay,200ms,3,0.18,0.26,3853.36,0,12317.981,0.01,16687.21706,0,30907,1,0.006879848904
0,2021-11-15T06:06:06+00:00,https://www.canva.com/,3g,4254,4254,4254,4254,687,713,672,780,6369,6380,5452,7320,1346,1413,1209,1684,13974,11936,7423,14411,6353,6369,5444,7310,delay,200ms,3,0.38,0.62,2657.775,0.53,3901.288,0.23,7927.15161,0.01,4036.0285,1,0.001323025174
0,2021-11-15T08:22:09+00:00,https://www.whatsapp.com/,3g,560,560,560,560,433,436,433,442,1239,1162,988,1259,942,896,785,960,2467,2390,2230,2473,1221,1144,976,1234,delay,800ms,3,0.84,0.63,2631.115,0.52,3922.262,0.97,2631.115,1,0,1,0.0137546658
0,2021-11-15T08:30:01+00:00,https://www.glassdoor.com/,3g,1144,1144,1144,1144,1973,3080,1098,6170,7099,8637,6687,12125,2323,3471,1538,6553,10582,11216,8917,14149,7008,8533,6605,11985,delay,800ms,3,0.14,0.27,3845.053,0,10827.699,0.01,14793.93155,0,23563.114,0.75,0.1527575684
0,2021-11-15T08:18:45+00:00,https://www.canva.com/,3g,4254,4254,4254,4254,690,739,635,891,4725,4881,4653,5266,1239,1261,1131,1413,4831,4978,4739,5364,4713,4871,4645,5255,delay,800ms,3,0.44,0.77,2233.689,0.64,3494.942,0.32,7079.057522,0.02,3536.5,1,0.001323025174
0,2021-11-15T08:41:30+00:00,https://www.whatsapp.com/,3g,560,560,560,560,460,465,453,483,1125,1115,1064,1157,919,913,878,943,2376,2361,2308,2398,1112,1102,1052,1142,delay,900ms,3,0.83,0.63,2624.414,0.51,3966.855,0.97,2624.414,1,0,1,0.0137546658
0,2021-11-15T08:49:47+00:00,https://www.glassdoor.com/,3g,1144,1144,1144,1144,1249,2149,1146,4052,7843,8445,6983,10508,2002,2954,1971,4890,9682,10462,9382,12322,7744,8356,6901,10424,delay,900ms,3,0.18,0.27,3845.913,0,11001.994,0,18370.45712,0,18764.949,1,0.01182631259
0,2021-11-15T08:37:52+00:00,https://www.canva.com/,3g,4254,4254,4254,4254,680,648,577,688,5575,5716,5472,6100,1221,1255,1199,1346,5661,4063,715,5813,5563,5705,5461,6091,delay,900ms,3,0.45,0.76,2264.12,0.71,3272.824,0.32,7097.942619,0.01,4131.5,1,0.001323025174
0,2021-11-15T05:45:01+00:00,https://www.whatsapp.com/,3g,560,560,560,560,473,486,468,518,1238,1296,1174,1475,1019,999,950,1027,2414,1798,504,2476,1222,1273,1162,1435,delay,100ms,3,0.83,0.63,2629.578,0.51,3973.276,0.97,2629.578,1,0,1,0.0137546658
0,2021-11-15T05:56:37+00:00,https://www.glassdoor.com/,3g,1144,1144,1144,1144,1888,1633,1118,1894,8623,8933,7604,10571,3483,3332,1760,4753,10805,11323,10549,12614,8525,8810,7480,10426,delay,100ms,3,0.16,0.3,3700.21,0,13134.463,0,19205.95942,0,29350.607,0.84,0.1242567952
0,2021-11-15T05:41:21+00:00,https://www.canva.com/,3g,4254,4254,4254,4254,593,632,544,760,6401,6274,5780,6640,1454,1585,1408,1894,14053,11892,7154,14469,6389,6263,5769,6631,delay,100ms,3,0.41,0.66,2551.55,0.63,3555.914,0.28,7422.222144,0.01,4408,1,0.001323025174
0,2021-11-15T09:01:15+00:00,https://www.whatsapp.com/,3g,560,560,560,560,486,556,453,730,1109,1168,1019,1376,902,938,819,1093,2332,2399,2258,2608,1097,1153,1004,1359,delay,1000ms,3,0.83,0.63,2626.462,0.51,3970.154,0.97,2626.462,1,0,1,0.0137546658
0,2021-11-15T09:15:26+00:00,https://www.glassdoor.com/,3g,1144,1144,1144,1144,1326,1413,1114,1799,8865,8720,7876,9420,2037,1988,1604,2322,10663,10581,9509,11571,8777,8627,7792,9313,delay,1000ms,3,0.16,0.28,3780.067,0,11338.103,0,19589.54236,0,29588.507,0.85,0.1204335531
0,2021-11-15T08:57:52+00:00,https://www.canva.com/,3g,4254,4254,4254,4254,704,647,527,710,5130,5171,4951,5431,1315,1240,1021,1384,5236,5260,5021,5522,5123,5163,4945,5420,delay,1000ms,3,0.44,0.77,2229.362,0.63,3551.362,0.4,6459.456551,0.02,3667.5,1,0.0009662272135
0,2021-11-15T05:22:50+00:00,https://www.whatsapp.com/,3g,560,560,560,560,439,438,411,464,1002,996,964,1023,813,814,811,818,2214,2228,2209,2260,990,985,955,1009,delay,0ms,3,0.84,0.67,2513.652,0.53,3898.743,0.98,2513.652,1,0,1,0.0137546658
0,2021-11-15T05:31:57+00:00,https://www.glassdoor.com/,3g,1144,1144,1144,1144,1215,1211,1183,1234,6733,9715,6307,16104,1672,1879,1601,2363,9081,13173,8806,21632,6656,9640,6234,16030,delay,0ms,3,0.18,0.27,3835.191,0,14557.929,0,19250.32873,0,27409.582,1,0.006879848904
0,2021-11-15T05:19:45+00:00,https://www.canva.com/,3g,4254,4254,4254,4254,554,578,539,640,4567,4552,4505,4583,1068,1100,1042,1191,4661,4647,4588,4692,4560,4544,4498,4575,delay,0ms,3,0.47,0.77,2230.749,0.72,3238.984,0.45,6141.318193,0.03,3172,1,0.0009662272135
0,2021-11-16T20:29:18+00:00,https://www.facebook.com/,3g,259,259,259,259,267,262,228,290,793,784,758,801,540,528,502,541,1959,1968,1924,2022,785,777,751,794,delay,800ms,2,0.79,0.27,3850.81,0.54,3850.81,0.84,3850.81,1,0,1,0.027562
0,2021-11-16T20:32:00+00:00,https://www.youtube.com/,3g,9434,9418,9349,9470,67,69,65,75,4050,4075,4035,4140,387,384,373,391,11049,11040,10938,11134,4047,4073,4033,4138,delay,800ms,2,0.4,0.13,4697.233,0.01,8918.337,0.61,5178.613,0.45,669.916,1,0.016727
0,2021-11-16T20:26:45+00:00,https://www.google.com/,3g,210,210,210,210,79,81,70,95,565,562,557,565,236,240,231,254,702,702,696,708,557,555,549,559,delay,800ms,2,0.76,0.87,1899.924,0.98,1899.924,0.96,2788.835,0.38,786.6065,0.99,0.042212
0,2021-11-16T20:35:08+00:00,https://www.instagram.com/,3g,323,323,323,323,285,395,267,633,1003,1119,987,1367,393,499,369,735,2378,2475,2237,2809,1000,1117,985,1366,delay,800ms,2,0.7,0.88,1894.288,0,10290.49,0.98,2377.359,1,0,0.94,0.082031
0,2021-11-16T20:37:55+00:00,https://www.vk.com/,3g,310,310,310,310,1111,1098,1045,1139,5028,5138,4961,5424,4045,4131,3960,4389,5574,5803,5515,6321,5001,5108,4931,5392,delay,800ms,2,0.46,0,16087.25,0,16237.25,0.01,16087.25,1,0,1,0
0,2021-11-16T19:45:22+00:00,https://www.facebook.com/,3g,259,260,259,261,272,274,269,282,852,864,828,913,568,574,551,602,2028,2044,2025,2078,844,857,822,905,delay,500ms,2,0.78,0.26,3882.583,0.53,3882.583,0.83,3882.583,1,0,1,0.027562
0,2021-11-16T19:48:07+00:00,https://www.youtube.com/,3g,9372,9381,9359,9412,66,69,64,76,4069,4010,3827,4135,376,375,371,378,11103,11108,11020,11200,4067,4008,3825,4133,delay,500ms,2,0.41,0.13,4707.09,0.03,8045.983,0.63,5030.993,0.46,650.0675,1,0.016727
0,2021-11-16T19:42:48+00:00,https://www.google.com/,3g,210,210,210,210,76,77,71,84,556,640,538,826,234,248,204,307,712,782,677,957,547,632,530,818,delay,500ms,2,0.75,0.87,1900.989,0.96,2059.157,0.95,2941.19,0.35,837.436,0.99,0.042212
0,2021-11-16T19:51:20+00:00,https://www.instagram.com/,3g,323,323,323,323,301,397,292,599,1054,1168,1041,1408,394,494,393,696,2821,2788,2464,3079,1052,1165,1039,1405,delay,500ms,2,0.7,0.88,1882.73,0.01,10159.26,0.98,2374.144,1,0,0.94,0.082031
0,2021-11-16T19:54:09+00:00,https://www.vk.com/,3g,222,251,222,310,1140,1145,1091,1203,5030,5130,5004,5355,4104,4187,4087,4371,5262,5522,5228,6076,5029,5120,5003,5328,delay,500ms,2,0.46,0,16019.94,0,16169.94,0.01,16019.94,1,0,1,0
0,2021-11-16T19:01:07+00:00,https://www.facebook.com/,3g,259,260,259,261,283,280,268,288,864,873,857,898,570,582,569,606,2020,2030,2016,2055,855,865,848,891,delay,200ms,2,0.78,0.26,3855.596,0.54,3855.596,0.83,3855.596,1,0,1,0.027562
0,2021-11-16T19:03:52+00:00,https://www.youtube.com/,3g,9428,9436,9409,9472,72,74,69,80,4539,4418,3960,4755,389,396,373,425,11314,11243,10977,11439,4529,4413,3958,4752,delay,200ms,2,0.44,0.13,4723.38,0.01,8981.697,0.56,5462.91,0.58,509.5,1,0
0,2021-11-16T18:58:34+00:00,https://www.google.com/,3g,210,210,210,210,75,76,71,82,571,583,561,616,222,227,219,239,978,1052,703,1476,564,574,552,605,delay,200ms,2,0.75,0.87,1899.332,0.97,2055.998,0.95,2853.683,0.37,801.7355,0.99,0.042212
0,2021-11-16T19:07:07+00:00,https://www.instagram.com/,3g,323,324,323,325,282,282,279,285,1171,1144,1062,1200,395,399,380,422,2637,2596,2500,2651,1169,1143,1061,1198,delay,200ms,2,0.71,0.98,1295.725,0,10294.14,0.99,2024.159,1,0,0.94,0.082031
0,2021-11-16T19:09:59+00:00,https://www.vk.com/,3g,310,310,310,310,1178,1157,1105,1188,5455,5584,5242,6055,4471,4510,4199,4860,6073,6195,5856,6655,5424,5555,5215,6026,delay,200ms,2,0.46,0,16327.19,0,16552.19,0.01,16327.19,1,0,1,0
0,2021-11-16T20:58:29+00:00,https://www.facebook.com/,3g,259,259,259,259,282,287,268,311,836,840,781,903,574,565,537,585,2006,2017,1982,2063,829,831,770,893,delay,1000ms,2,0.79,0.27,3833.955,0.55,3833.955,0.84,3833.955,1,0,1,0.027562
0,2021-11-16T21:01:12+00:00,https://www.youtube.com/,3g,9367,9390,9348,9456,66,71,60,87,4120,4218,4088,4446,373,377,354,404,11143,11235,11099,11462,4118,4215,4086,4440,delay,1000ms,2,0.4,0.14,4598.741,0.01,8868.618,0.66,4901.963,0.41,725.5,1,0.023434
0,2021-11-16T20:55:57+00:00,https://www.google.com/,3g,210,210,210,210,85,86,84,89,592,1091,580,2101,255,255,253,256,750,1741,720,3753,584,1084,573,2095,delay,1000ms,2,0.77,0.87,1902.383,0.96,2060.674,0.96,2764.875,0.41,727.5,0.99,0.042212
0,2021-11-16T21:04:19+00:00,https://www.instagram.com/,3g,323,323,323,323,292,420,273,696,1025,1156,991,1452,397,528,384,802,2856,2722,2423,2888,1023,1154,989,1450,delay,1000ms,2,0.7,0.88,1884.201,0.01,10244.79,0.98,2379.823,1,0,0.94,0.082031
0,2021-11-16T21:07:09+00:00,https://www.vk.com/,3g,310,283,228,310,1120,1121,1048,1194,9766,9684,8476,10810,8691,8491,7483,9300,10344,10161,9109,11030,9738,9665,8448,10809,delay,1000ms,2,0.46,0,13212.86,0,13362.86,0.02,13884.62,1,0,1,0
0,2021-11-16T20:43:53+00:00,https://www.facebook.com/,3g,259,260,259,261,283,421,259,721,820,1138,803,1790,547,684,521,983,1935,2159,1918,2624,812,1130,796,1781,delay,900ms,2,0.79,0.27,3830.706,0.55,3830.706,0.84,3830.706,1,0,1,0.027562
0,2021-11-16T20:46:37+00:00,https://www.youtube.com/,3g,9378,9008,8254,9393,81,77,68,82,4095,4061,3864,4225,384,383,380,385,11016,11002,10863,11126,4086,4056,3862,4220,delay,900ms,2,0.42,0.15,4555.609,0.01,9151.335,0.59,5277.806,0.5,597,1,0.016727
0,2021-11-16T20:41:18+00:00,https://www.google.com/,3g,210,210,210,210,76,159,73,329,559,635,555,792,234,316,224,489,1311,1495,1297,1878,553,629,548,786,delay,900ms,2,0.7,0.77,2229.382,0.86,2698.039,0.85,3782.921,0.37,799.475,0.99,0.042212
0,2021-11-16T20:49:49+00:00,https://www.instagram.com/,3g,323,323,323,323,291,287,274,295,1052,1042,1000,1075,400,392,371,406,2469,2452,2402,2486,1050,1041,999,1073,delay,900ms,2,0.7,0.87,1899.355,0.01,10171.97,0.98,2372.162,1,0,0.94,0.082031
0,2021-11-16T20:52:38+00:00,https://www.vk.com/,3g,310,310,310,310,1099,1118,1095,1159,5120,5186,5052,5385,4169,4193,4070,4340,6023,6038,5910,6182,5093,5157,5026,5353,delay,900ms,2,0.46,0,16060.92,0,16135.92,0.01,16060.92,1,0,1,0
0,2021-11-16T20:14:42+00:00,https://www.facebook.com/,3g,259,259,259,259,440,428,304,541,984,965,829,1082,722,702,565,818,2125,2107,1971,2225,978,959,822,1076,delay,700ms,2,0.79,0.27,3849.638,0.54,3849.638,0.84,3849.638,1,0,1,0.027562
0,2021-11-16T20:17:23+00:00,https://www.youtube.com/,3g,9369,9372,9369,9379,63,65,60,73,4024,3939,3523,4269,354,359,334,389,11050,10959,10759,11069,4022,3935,3521,4263,delay,700ms,2,0.38,0.13,4670.231,0.03,7988.073,0.46,6039.026,0.43,692.5,1,0.036444
0,2021-11-16T20:12:09+00:00,https://www.google.com/,3g,210,210,210,210,76,77,75,79,566,572,556,593,222,232,220,253,723,718,706,725,559,564,547,585,delay,700ms,2,0.74,1,995.091,1,1060.091,0.97,2644.52,0.27,1018.988,0.99,0.042212
0,2021-11-16T20:20:33+00:00,https://www.instagram.com/,3g,323,323,323,323,294,392,278,603,1022,1117,977,1353,381,484,366,706,2452,2544,2415,2765,1020,1116,976,1351,delay,700ms,2,0.71,0.98,1278.216,0.01,10193.7,1,1923.15,1,0,0.94,0.082031
0,2021-11-16T20:23:25+00:00,https://www.vk.com/,3g,310,283,228,310,1143,1140,1122,1155,5443,5297,4957,5490,4303,4232,4036,4356,6011,5753,5189,6059,5418,5279,4956,5464,delay,700ms,2,0.46,0,16146.43,0,16221.43,0.01,16146.43,1,0,1,0
0,2021-11-16T18:31:31+00:00,https://www.facebook.com/,3g,261,260,259,261,290,286,272,295,881,902,838,986,568,568,552,584,2037,2017,1976,2039,872,894,832,979,delay,0ms,2,0.78,0.26,3869.255,0.54,3869.255,0.83,3869.255,1,0,1,0.027562
0,2021-11-16T18:34:14+00:00,https://www.youtube.com/,3g,9389,9393,9350,9441,74,81,62,108,4243,4099,3795,4259,418,395,342,425,11124,11235,11117,11465,4241,4097,3793,4256,delay,0ms,2,0.41,0.16,4468.1,0.01,9112.066,0.47,5997.293,0.5,599.5145,1,0.016727
0,2021-11-16T18:28:58+00:00,https://www.google.com/,3g,215,215,215,215,78,78,73,83,562,582,550,635,235,237,223,253,1321,1329,1280,1387,553,574,541,628,delay,0ms,2,0.74,0.87,1921.404,0.98,1921.404,0.94,3026.087,0.34,855.734,0.99,0.042212
0,2021-11-16T18:37:25+00:00,https://www.instagram.com/,3g,323,323,323,323,276,383,276,598,1025,1132,1008,1362,379,489,378,710,2457,2567,2452,2793,1023,1130,1007,1361,delay,0ms,2,0.7,0.87,1903.197,0.01,10223.51,0.98,2440.313,1,0,0.94,0.082031
0,2021-11-16T18:40:12+00:00,https://www.vk.com/,3g,310,283,228,310,1113,1243,1104,1513,5331,5301,4964,5607,4341,4333,4037,4621,5891,5809,5193,6344,5304,5283,4963,5583,delay,0ms,2,0.46,0,16176.7,0,16251.7,0.01,16176.7,1,0,1,0
0,2021-11-16T18:46:05+00:00,https://www.facebook.com/,3g,259,258,256,259,282,281,276,285,809,814,803,829,537,538,523,555,1987,1977,1951,1992,801,806,796,821,delay,100ms,2,0.79,0.27,3851.808,0.54,3851.808,0.84,3851.808,1,0,1,0.027562
0,2021-11-16T18:48:49+00:00,https://www.youtube.com/,3g,9408,9408,9390,9425,74,72,67,76,4641,4474,4112,4669,377,373,351,390,11285,11456,11112,11972,4633,4470,4110,4666,delay,100ms,2,0.4,0.14,4577.871,0.03,7793.009,0.65,4913.363,0.39,755.133,1,0.006708
0,2021-11-16T18:43:32+00:00,https://www.google.com/,3g,210,210,210,210,76,80,75,88,562,568,553,588,234,232,224,238,739,989,738,1489,552,560,546,581,delay,100ms,2,0.75,0.87,1898.687,0.98,1898.687,0.96,2823.65,0.34,855.386,0.99,0.042212
0,2021-11-16T18:52:01+00:00,https://www.instagram.com/,3g,323,323,323,323,299,438,296,719,1140,1251,1047,1565,401,549,394,853,2585,2684,2460,3008,1138,1248,1044,1563,delay,100ms,2,0.71,0.98,1284.204,0.01,10259.6,0.99,1976.88,1,0,0.94,0.082031
0,2021-11-16T18:54:53+00:00,https://www.vk.com/,3g,310,281,222,310,1106,1107,1062,1152,5142,5148,4992,5311,4156,4179,4061,4320,5763,5627,5221,5897,5110,5128,4991,5283,delay,100ms,2,0.46,0,16324.86,0,16474.86,0.01,16324.86,1,0,1,0
0,2021-11-16T19:30:40+00:00,https://www.facebook.com/,3g,261,261,261,261,287,284,278,288,831,855,810,925,553,577,539,638,1937,1983,1934,2079,824,848,803,917,delay,400ms,2,0.78,0.25,3915.914,0.52,3915.914,0.83,3915.914,1,0,1,0.027562
0,2021-11-16T19:33:22+00:00,https://www.youtube.com/,3g,9407,9396,9349,9432,65,66,64,69,3875,3909,3641,4212,370,359,337,371,11070,11025,10782,11222,3873,3907,3640,4209,delay,400ms,2,0.45,0.14,4577.89,0.02,8237.997,0.6,5201.608,0.59,493.5,1,0
0,2021-11-16T19:28:07+00:00,https://www.google.com/,3g,210,210,210,210,86,85,72,97,578,579,567,593,238,237,220,253,731,737,719,761,567,570,559,585,delay,400ms,2,0.77,0.88,1869.463,0.98,1869.463,0.96,2738.552,0.42,714,0.99,0.042212
0,2021-11-16T19:36:36+00:00,https://www.instagram.com/,3g,323,323,323,323,292,419,282,684,1105,1187,984,1472,395,525,393,786,2546,2614,2397,2898,1103,1185,981,1470,delay,400ms,2,0.71,0.98,1272.78,0.01,10214.37,0.99,1971.371,1,0,0.94,0.082031
0,2021-11-16T19:39:26+00:00,https://www.vk.com/,3g,310,310,310,310,1106,1156,1105,1256,5238,5212,4840,5558,4253,4219,3851,4552,6040,6000,5630,6331,5213,5186,4812,5532,delay,400ms,2,0.46,0,16056.14,0,16206.14,0.01,16056.14,1,0,1,0
0,2021-11-16T20:00:05+00:00,https://www.facebook.com/,3g,259,259,259,259,280,289,277,309,867,873,797,954,586,603,536,687,2031,2034,1952,2118,860,865,789,947,delay,600ms,2,0.78,0.26,3872.843,0.54,3872.843,0.83,3872.843,1,0,1,0.027562
0,2021-11-16T20:02:50+00:00,https://www.youtube.com/,3g,9387,9387,9357,9418,80,77,69,82,4418,4385,4240,4496,390,391,367,415,11246,11253,11059,11453,4415,4381,4235,4493,delay,600ms,2,0.39,0.13,4705.963,0.03,8077.881,0.61,5172.773,0.4,748.4945,1,0.016727
0,2021-11-16T19:57:31+00:00,https://www.google.com/,3g,210,211,210,214,77,77,71,84,675,924,559,1538,272,265,238,284,814,1034,694,1593,665,916,550,1532,delay,600ms,2,0.78,0.86,1948.842,0.97,2027.067,0.96,2815.91,0.44,676,0.99,0.042212
0,2021-11-16T20:06:00+00:00,https://www.instagram.com/,3g,323,323,323,323,284,287,274,303,1060,1053,1015,1083,380,384,369,403,2505,2493,2457,2517,1058,1051,1013,1081,delay,600ms,2,0.71,0.98,1280.612,0.01,10233.55,0.99,2095.147,1,0,0.94,0.082031
0,2021-11-16T20:08:49+00:00,https://www.vk.com/,3g,310,310,310,310,1098,1147,1089,1253,5060,5196,5008,5520,4081,4182,4051,4415,5637,5775,5582,6106,5032,5171,4984,5496,delay,600ms,2,0.46,0,15820.52,0,15895.52,0.01,15820.52,1,0,1,0
0,2021-11-16T19:16:06+00:00,https://www.facebook.com/,3g,261,260,259,261,346,329,270,370,890,901,870,944,616,611,567,651,2030,2044,2005,2097,882,893,861,936,delay,300ms,2,0.79,0.27,3842.743,0.54,3842.743,0.84,3842.743,1,0,1,0.027562
0,2021-11-16T19:18:49+00:00,https://www.youtube.com/,3g,9349,9358,9347,9377,78,74,62,83,3807,3837,3763,3942,374,371,352,388,10768,10789,10640,10958,3806,3836,3761,3940,delay,300ms,2,0.42,0.15,4554.099,0.02,8698.081,0.63,5020.385,0.49,618.107,1,0
0,2021-11-16T19:13:27+00:00,https://www.google.com/,3g,210,210,210,210,76,77,75,79,746,721,587,829,232,230,219,239,801,799,719,878,739,714,580,823,delay,300ms,2,0.78,0.88,1871.335,0.98,1871.335,0.95,2902.936,0.45,669.5,0.99,0.042212
0,2021-11-16T19:21:57+00:00,https://www.instagram.com/,3g,323,323,323,323,276,279,265,297,1005,1017,992,1053,388,379,356,393,2424,2390,2269,2476,1003,1015,990,1051,delay,300ms,2,0.7,0.88,1892.718,0,10308.64,0.98,2497.358,1,0,0.94,0.082031
0,2021-11-16T19:24:47+00:00,https://www.vk.com/,3g,310,281,222,310,1262,1296,1253,1374,5164,5134,5041,5197,4158,4161,4123,4201,5954,5743,5271,6005,5139,5115,5040,5165,delay,300ms,2,0.46,0,16272.47,0,16347.47,0.01,16272.47,1,0,1,0
0,2021-11-16T20:30:36+00:00,https://www.facebook.com/,3g,261,260,259,261,278,281,260,304,836,853,835,889,554,563,535,601,2024,2024,2012,2036,827,843,823,879,delay,800ms,3,0.79,0.27,3838.966,0.54,3838.966,0.84,3838.966,1,0,1,0.027562
0,2021-11-16T20:33:36+00:00,https://www.youtube.com/,3g,9387,9013,8264,9388,64,65,61,69,4149,4182,4069,4329,372,377,372,386,10885,10878,10750,10999,4147,4180,4067,4327,delay,800ms,3,0.45,0.15,4559.173,0.01,9146.97,0.67,4840.111,0.59,490.5,1,0.006708
0,2021-11-16T20:28:02+00:00,https://www.google.com/,3g,210,210,210,210,97,96,90,102,588,588,580,596,251,254,241,269,716,723,698,755,581,578,566,588,delay,800ms,3,0.77,0.87,1900.666,0.98,1900.666,0.96,2782.026,0.4,742.5,0.99,0.042212
0,2021-11-16T20:36:29+00:00,https://www.instagram.com/,3g,323,323,323,323,300,501,273,930,1145,1351,1144,1764,382,601,381,1041,2534,2757,2530,3206,1144,1349,1142,1762,delay,800ms,3,0.71,0.98,1284.56,0,10297.63,0.99,1989.492,1,0,0.94,0.082031
0,2021-11-16T20:39:39+00:00,https://www.vk.com/,3g,310,310,310,310,1104,1106,1099,1115,5031,4996,4794,5162,3970,3948,3820,4053,5717,5656,5362,5889,5003,4969,4768,5137,delay,800ms,3,0.46,0,16067.85,0,16217.85,0.01,16067.85,1,0,1,0
0,2021-11-16T19:46:41+00:00,https://www.facebook.com/,3g,259,260,259,261,272,287,267,323,832,846,825,880,538,561,538,608,2038,2024,1970,2063,825,837,816,871,delay,500ms,3,0.79,0.27,3849.601,0.54,3849.601,0.84,3849.601,1,0,1,0.027562
0,2021-11-16T19:49:46+00:00,https://www.youtube.com/,3g,9396,9390,9368,9407,65,66,63,71,4190,4306,4187,4540,386,381,370,387,11163,11165,11107,11225,4188,4304,4185,4538,delay,500ms,3,0.42,0.16,4489.018,0.02,8733.874,0.62,5104.987,0.49,606.964,1,0
0,2021-11-16T19:44:05+00:00,https://www.google.com/,3g,210,210,210,210,101,100,99,101,600,604,584,629,254,255,253,257,727,744,718,788,592,596,576,620,delay,500ms,3,0.76,0.88,1867.593,0.97,2023.726,0.96,2772.852,0.39,757,0.99,0.042212
0,2021-11-16T19:52:42+00:00,https://www.instagram.com/,3g,323,323,323,323,298,401,276,628,1248,1285,1135,1471,398,505,384,734,2668,2712,2585,2883,1246,1283,1133,1470,delay,500ms,3,0.71,0.98,1275.159,0.01,10243.31,0.99,2079.803,1,0,0.94,0.082031
0,2021-11-16T19:55:52+00:00,https://www.vk.com/,3g,310,283,228,310,1114,1116,1103,1131,5012,5515,4891,6643,4020,3998,3954,4021,5917,6237,5118,7676,4981,5492,4890,6604,delay,500ms,3,0.46,0,16222.89,0,16372.89,0.01,16222.89,1,0,1,0
0,2021-11-16T19:02:27+00:00,https://www.facebook.com/,3g,259,260,259,261,347,374,257,519,898,935,797,1111,635,658,518,822,2108,2135,1997,2300,892,927,789,1101,delay,200ms,3,0.79,0.27,3842.797,0.54,3842.797,0.84,3842.797,1,0,1,0.027562
0,2021-11-16T19:05:31+00:00,https://www.youtube.com/,3g,9378,9383,9349,9422,65,65,61,70,4346,4450,4302,4701,390,389,371,406,11238,11230,10962,11490,4344,4448,4300,4699,delay,200ms,3,0.43,0.15,4531.562,0.02,8772.401,0.63,5060.399,0.51,589.1285,1,0
0,2021-11-16T18:59:50+00:00,https://www.google.com/,3g,210,210,210,210,97,98,94,103,608,594,564,611,244,245,235,256,749,1260,729,2302,600,587,557,604,delay,200ms,3,0.73,0.79,2172.827,0.85,2735.742,0.88,3571.281,0.43,700.4775,0.99,0.042251
0,2021-11-16T19:08:30+00:00,https://www.instagram.com/,3g,323,324,323,325,297,427,276,709,1264,1339,1131,1623,384,519,377,795,2699,2771,2566,3047,1262,1337,1128,1622,delay,200ms,3,0.7,0.88,1883.118,0.01,10191.08,0.98,2388.773,1,0,0.94,0.082031
0,2021-11-16T19:11:45+00:00,https://www.vk.com/,3g,310,281,222,310,1136,1118,1051,1167,4834,4891,4766,5073,3920,3903,3802,3988,5384,5369,5064,5659,4832,4873,4739,5047,delay,200ms,3,0.46,0,15578.78,0,15653.78,0.01,15578.78,1,0,1,0
0,2021-11-16T20:59:47+00:00,https://www.facebook.com/,3g,261,260,259,261,295,290,257,319,841,833,791,867,569,557,518,585,1989,1998,1982,2023,834,825,784,858,delay,1000ms,3,0.79,0.27,3836.377,0.55,3836.377,0.84,3836.377,1,0,1,0
0,2021-11-16T21:02:48+00:00,https://www.youtube.com/,3g,9379,9366,9328,9390,60,63,60,68,4136,4086,3975,4148,370,369,364,374,10819,10879,10805,11013,4129,4082,3973,4145,delay,1000ms,3,0.42,0.13,4666.426,0.03,8086.527,0.62,5115.887,0.49,617.481,1,0.016727
0,2021-11-16T20:57:14+00:00,https://www.google.com/,3g,210,210,210,210,90,91,88,95,596,597,585,610,237,238,237,240,741,734,705,756,580,587,578,604,delay,1000ms,3,0.76,0.88,1870.322,0.98,1870.322,0.96,2782.15,0.36,823.4705,0.99,0.042212
0,2021-11-16T21:05:40+00:00,https://www.instagram.com/,3g,323,323,323,323,635,525,299,640,1480,1369,1141,1487,732,626,396,750,2870,2784,2576,2907,1478,1367,1139,1485,delay,1000ms,3,0.71,0.98,1268.569,0,11145.94,1,1933.69,1,0,0.94,0.082031
0,2021-11-16T21:09:05+00:00,https://www.vk.com/,3g,310,281,222,310,1050,1107,1044,1226,5257,5508,5143,6124,4286,4297,4236,4369,5857,6076,5648,6722,5232,5490,5142,6097,delay,1000ms,3,0.46,0,16721.96,0,16871.96,0.01,16721.96,1,0,1,0
0,2021-11-16T20:45:12+00:00,https://www.facebook.com/,3g,259,260,259,261,228,244,226,279,831,818,774,848,603,571,505,604,2061,2010,1905,2065,822,809,767,838,delay,900ms,3,0.79,0.27,3813.824,0.55,3813.824,0.84,3813.824,1,0,1,0.027562
0,2021-11-16T20:48:16+00:00,https://www.youtube.com/,3g,9388,9378,9358,9389,61,62,59,66,4274,4260,3981,4525,389,382,360,396,11199,11131,10898,11295,4272,4257,3980,4520,delay,900ms,3,0.41,0.13,4690.257,0.01,8893.716,0.57,5379.724,0.5,596.5,1,0.023434
0,2021-11-16T20:42:36+00:00,https://www.google.com/,3g,210,210,210,210,343,345,342,351,1000,934,749,1054,470,466,446,483,1651,1658,1621,1702,992,927,743,1047,delay,900ms,3,0.74,0.87,1909.905,0.98,1909.905,0.95,2880.832,0.33,868.5,0.99,0.042212
0,2021-11-16T20:51:11+00:00,https://www.instagram.com/,3g,323,324,323,325,289,288,276,299,1108,1121,1105,1149,388,391,383,402,2548,2544,2502,2583,1106,1119,1103,1147,delay,900ms,3,0.7,0.88,1876.831,0.01,10164.97,0.98,2387.707,1,0,0.94,0.082031
0,2021-11-16T20:54:20+00:00,https://www.vk.com/,3g,310,283,228,310,1110,1091,1047,1116,4942,4895,4757,4986,3853,3893,3805,4021,5309,5347,5201,5532,4941,4876,4730,4958,delay,900ms,3,0.46,0,16124.57,0,16274.57,0.01,16124.57,1,0,1,0
0,2021-11-16T20:15:59+00:00,https://www.facebook.com/,3g,259,259,259,259,271,271,269,273,820,823,813,837,537,547,535,570,2011,2011,1978,2045,813,816,807,828,delay,700ms,3,0.79,0.27,3844.495,0.54,3844.495,0.84,3844.495,1,0,1,0.027562
0,2021-11-16T20:19:01+00:00,https://www.youtube.com/,3g,9387,9397,9377,9426,63,65,61,72,3998,3946,3736,4104,369,368,362,373,10914,10933,10898,10987,3995,3943,3734,4099,delay,700ms,3,0.4,0.12,4800.932,0.03,8029.698,0.55,5484.829,0.47,638.5,1,0.036444
0,2021-11-16T20:13:24+00:00,https://www.google.com/,3g,210,210,210,210,97,98,89,109,584,581,565,595,252,248,238,253,727,714,684,730,576,574,558,587,delay,700ms,3,0.76,0.88,1873.329,0.98,1873.329,0.96,2817.233,0.37,794,0.99,0.042212
0,2021-11-16T20:21:55+00:00,https://www.instagram.com/,3g,323,323,323,323,708,583,299,741,3010,2417,1199,3042,807,678,402,825,4441,3842,2611,4474,3005,2413,1197,3036,delay,700ms,3,0.7,0.88,1894.904,0,10293.39,0.98,2358.827,1,0,0.94,0.082031
0,2021-11-16T20:25:08+00:00,https://www.vk.com/,3g,310,310,310,310,1106,1112,1094,1137,4968,4936,4817,5022,3936,3954,3856,4070,5569,5509,5354,5603,4941,4909,4790,4996,delay,700ms,3,0.46,0,16049.48,0,16124.48,0.01,16049.48,1,0,1,0
0,2021-11-16T18:32:50+00:00,https://www.facebook.com/,3g,259,258,256,259,271,270,253,286,840,847,817,883,556,552,530,571,2017,2012,1988,2032,832,838,808,875,delay,0ms,3,0.78,0.26,3861.406,0.54,3861.406,0.83,3861.406,1,0,1,0.027562
0,2021-11-16T18:35:53+00:00,https://www.youtube.com/,3g,9387,9381,9347,9408,67,77,63,100,4051,4208,3910,4664,366,369,359,381,11137,11078,10781,11316,4047,4205,3907,4661,delay,0ms,3,0.38,0.13,4668.788,0.01,8927.948,0.61,5185.839,0.38,784.174,1,0.006708
0,2021-11-16T18:30:15+00:00,https://www.google.com/,3g,215,213,210,215,98,97,93,101,586,590,576,609,270,261,242,270,1263,1262,1260,1264,579,583,569,601,delay,0ms,3,0.75,0.87,1903.28,0.98,1903.28,0.97,2676.355,0.35,841,0.99,0.047766
0,2021-11-16T18:38:46+00:00,https://www.instagram.com/,3g,323,323,323,323,276,282,272,297,1075,1131,1053,1265,373,383,368,407,2492,2562,2485,2710,1073,1129,1051,1263,delay,0ms,3,0.7,0.88,1886.959,0.01,10141.44,0.99,2310.906,1,0,0.94,0.082031
0,2021-11-16T18:41:53+00:00,https://www.vk.com/,3g,310,310,310,310,1115,1097,1047,1130,4918,4962,4894,5075,3953,3947,3920,3969,5497,5552,5478,5681,4893,4935,4865,5048,delay,0ms,3,0.46,0,16116.12,0,16341.12,0.01,16116.12,1,0,1,0
0,2021-11-16T18:47:24+00:00,https://www.facebook.com/,3g,256,257,256,259,276,281,273,294,818,828,817,849,537,547,536,569,2010,2034,1955,2136,811,821,811,842,delay,100ms,3,0.79,0.27,3824.256,0.55,3824.256,0.84,3824.256,1,0,1,0.027562
0,2021-11-16T18:50:28+00:00,https://www.youtube.com/,3g,9367,9361,9348,9369,74,72,63,79,4236,4226,4173,4269,367,372,356,392,11211,11178,11017,11307,4234,4224,4171,4266,delay,100ms,3,0.41,0.14,4606.735,0.03,7931.105,0.64,4968.405,0.43,694.044,1,0
0,2021-11-16T18:44:48+00:00,https://www.google.com/,3g,210,210,210,210,94,95,91,101,583,593,578,618,254,258,253,266,723,731,716,753,577,586,571,610,delay,100ms,3,0.76,0.87,1913.612,0.96,2071.762,0.96,2844.029,0.41,733.791,0.99,0.042212
0,2021-11-16T18:53:22+00:00,https://www.instagram.com/,3g,323,323,323,323,287,413,283,668,1180,1265,1100,1515,385,505,378,751,2659,2707,2539,2923,1178,1263,1098,1512,delay,100ms,3,0.71,0.95,1565.928,0.01,10210.66,0.99,2261.021,1,0,0.94,0.082031
0,2021-11-16T18:56:44+00:00,https://www.vk.com/,3g,310,310,310,310,1106,1109,1105,1116,5122,6411,5063,9047,4078,4097,3984,4228,5713,7022,5671,9682,5094,6380,5032,9015,delay,100ms,3,0.46,0,16083.31,0,16308.31,0.01,16083.31,1,0,1,0
0,2021-11-16T19:31:58+00:00,https://www.facebook.com/,3g,259,259,259,259,285,308,269,370,834,852,814,908,554,572,533,630,1989,2007,1983,2049,827,844,806,900,delay,400ms,3,0.78,0.26,3863.351,0.54,3863.351,0.83,3863.351,1,0,1,0.027562
0,2021-11-16T19:35:03+00:00,https://www.youtube.com/,3g,9398,9381,9331,9413,68,70,67,74,4395,4393,4222,4561,395,393,388,397,11330,11326,11097,11550,4393,4390,4220,4558,delay,400ms,3,0.45,0.14,4626.23,0.03,8061.742,0.54,5583.17,0.61,473.2815,1,0.016727
0,2021-11-16T19:29:24+00:00,https://www.google.com/,3g,210,206,198,210,98,97,93,100,629,625,601,644,255,256,254,259,752,758,743,779,619,616,594,635,delay,400ms,3,0.75,0.87,1902.939,0.96,2060.864,0.95,2883.008,0.37,789,0.99,0.042212
0,2021-11-16T19:37:59+00:00,https://www.instagram.com/,3g,323,323,323,323,292,400,283,626,1095,1213,1074,1471,384,497,371,737,2529,2641,2515,2880,1094,1212,1073,1469,delay,400ms,3,0.7,0.88,1876.483,0.01,10191.44,0.98,2440.515,1,0,0.94,0.082031
0,2021-11-16T19:41:12+00:00,https://www.vk.com/,3g,310,310,310,310,1093,1089,1068,1105,4958,4949,4842,5048,3985,3976,3871,4073,5643,5633,5606,5649,4929,4922,4815,5022,delay,400ms,3,0.46,0,16267.91,0,16342.91,0.01,16267.91,1,0,1,0
0,2021-11-16T20:01:25+00:00,https://www.facebook.com/,3g,259,259,259,259,290,283,269,290,836,829,806,844,553,558,552,570,1981,1997,1977,2032,828,820,796,835,delay,600ms,3,0.78,0.26,3860.498,0.54,3860.498,0.83,3860.498,1,0,1,0.027562
0,2021-11-16T20:04:28+00:00,https://www.youtube.com/,3g,9428,9405,9357,9430,69,71,67,78,4312,4238,4036,4365,389,392,382,404,10971,11028,10944,11168,4309,4234,4033,4361,delay,600ms,3,0.42,0.15,4542.917,0.03,7876.234,0.65,4932.407,0.45,667.0545,1,0.016727
0,2021-11-16T19:58:48+00:00,https://www.google.com/,3g,210,211,210,214,98,102,91,118,595,612,591,649,255,264,253,284,719,997,712,1559,586,603,583,641,delay,600ms,3,0.74,0.88,1875.407,0.98,1875.407,0.96,2834.39,0.3,929.501,0.99,0.042212
0,2021-11-16T20:07:22+00:00,https://www.instagram.com/,3g,323,323,323,323,299,302,296,311,1101,1122,1084,1182,404,405,399,412,2549,2562,2502,2634,1099,1121,1083,1180,delay,600ms,3,0.7,0.88,1893.286,0.01,10260.93,0.98,2382.785,1,0,0.94,0.082031
0,2021-11-16T20:10:32+00:00,https://www.vk.com/,3g,310,283,228,310,1120,1124,1101,1152,4970,5035,4942,5192,4006,4056,3887,4275,5533,5512,5431,5571,4946,5017,4915,5191,delay,600ms,3,0.46,0,15537.62,0,15687.62,0.01,15537.62,1,0,1,0
0,2021-11-16T19:17:26+00:00,https://www.facebook.com/,3g,261,260,259,261,306,309,284,338,879,883,832,939,602,587,552,607,2043,2038,1970,2101,872,875,823,930,delay,300ms,3,0.79,0.27,3848.866,0.54,3848.866,0.84,3848.866,1,0,1,0.027562
0,2021-11-16T19:20:26+00:00,https://www.youtube.com/,3g,9417,9402,9362,9426,61,60,56,62,4014,3961,3803,4067,356,352,343,357,10695,10718,10668,10791,4010,3959,3801,4065,delay,300ms,3,0.47,0.2,4211.401,0.03,8005.09,0.77,4272.614,0.58,503.5,1,0.036444
0,2021-11-16T19:14:46+00:00,https://www.google.com/,3g,210,210,210,210,365,360,324,391,1061,1085,1059,1136,467,479,449,521,1436,1456,1428,1503,1053,1078,1052,1129,delay,300ms,3,0.68,0.79,2174.933,0.88,2619.098,0.87,3624.783,0.27,1022.342,0.99,0.042212
0,2021-11-16T19:23:18+00:00,https://www.instagram.com/,3g,323,323,323,323,585,486,287,587,1389,1291,1076,1407,680,583,388,681,2831,2738,2505,2879,1387,1289,1074,1405,delay,300ms,3,0.68,0.78,2193.123,0,10833.07,0.97,2611.662,1,0,0.94,0.082031
0,2021-11-16T19:26:28+00:00,https://www.vk.com/,3g,310,281,222,310,1158,1168,1089,1257,4906,4942,4848,5071,3953,3994,3923,4105,5718,5561,5073,5893,4880,4923,4847,5041,delay,300ms,3,0.46,0,15954.27,0,16029.27,0.01,15954.27,1,0,1,0
