,timestamp,url,profile,domElements_median,domElements_mean,domElements_min,domElements_max,ttfb_median,ttfb_mean,ttfb_min,ttfb_max,loadEventEnd_median,loadEventEnd_mean,loadEventEnd_min,loadEventEnd_max,firstPaint_median,firstPaint_mean,firstPaint_min,firstPaint_max,fullyLoaded_median,fullyLoaded_mean,fullyLoaded_min,fullyLoaded_max,domComplete_median,domComplete_mean,domComplete_min,domComplete_max,throttleType,throttleparameter,httpVersion,lighthouse_performance,first-contentful-paint_score,first-contentful-paint_numericValue,largest-contentful-paint_score,largest-contentful-paint_numericValue,speed-index_score,speed-index_numericValue,total-blocking-time_score,total-blocking-time_numericValue,cumulative-layout-shift_score,cumulative-layout-shift_numericValue,num_http2_responses,num_http3_responses
0,2021-11-15T07:07:16+00:00,https://www.vk.com/,3g,310,310,310,310,1061,1068,1039,1103,5158,5149,5069,5220,4137,4146,4087,4215,5808,5817,5692,5952,5124,5102,4990,5193,packetLoss,0.90%,2,0.46,0,15819.259,0,15969.259,0.01,15819.259,1,0,1,0,202,0
0,2021-11-15T06:58:38+00:00,https://www.facebook.com/,3g,258,258,258,258,259,265,258,279,701,699,695,701,477,482,477,492,1916,1923,1910,1944,695,693,689,695,packetLoss,0.90%,2,0.79,0.29,3727.083,0.53,3877.083,0.85,3727.083,1,0,1,0.02756183624,123,0
0,2021-11-15T07:04:17+00:00,https://www.instagram.com/,3g,323,323,323,323,293,294,291,297,1059,1057,1051,1062,381,381,380,383,2513,2515,2513,2518,1058,1056,1049,1060,packetLoss,0.90%,2,0.71,0.95,1550.842,0.01,10046.417,0.99,2233.5213,1,0,0.94,0.08203125,102,0
0,2021-11-15T05:51:29+00:00,https://www.vk.com/,3g,310,310,310,310,1130,1122,1093,1142,5697,5619,5391,5770,4505,4469,4394,4507,6306,6218,6000,6347,5647,5584,5362,5744,packetLoss,0.15%,2,0.46,0,16221.296,0,16371.296,0.01,16221.296,1,0,1,0,201,0
0,2021-11-15T05:42:21+00:00,https://www.facebook.com/,3g,258,258,258,258,282,284,281,290,800,2454,760,5801,532,2196,500,5556,2001,3681,1964,7078,792,2445,751,5792,packetLoss,0.15%,2,0.79,0.29,3750.654,0.53,3900.654,0.85,3750.654,1,0,1,0.02756183624,123,0
0,2021-11-15T05:48:28+00:00,https://www.instagram.com/,3g,323,323,323,323,316,386,284,559,1287,1236,1045,1377,396,472,371,648,2754,2698,2501,2838,1285,1234,1043,1375,packetLoss,0.15%,2,0.7,0.89,1852.674,0.01,10029.143,0.98,2410.263328,1,0,0.94,0.08203125,102,0
0,2021-11-15T07:23:00+00:00,https://www.vk.com/,3g,310,310,310,310,1111,1128,1048,1225,5566,5528,5314,5705,4533,4442,4088,4706,6287,6184,5880,6385,5536,5491,5288,5649,packetLoss,1.05%,2,0.46,0,15993.809,0,16143.809,0.01,15993.809,1,0,1,0,202,0
0,2021-11-15T07:13:47+00:00,https://www.facebook.com/,3g,258,258,258,258,267,272,266,282,798,788,766,800,525,523,501,543,1989,2009,1963,2075,789,778,755,791,packetLoss,1.05%,2,0.79,0.29,3750.256,0.53,3900.256,0.85,3750.256,1,0,1,0.02756183624,123,0
0,2021-11-15T07:19:56+00:00,https://www.instagram.com/,3g,323,323,323,323,592,606,308,919,1416,1421,1084,1764,686,697,402,1003,2871,2882,2567,3209,1414,1419,1082,1762,packetLoss,1.05%,2,0.71,0.99,1133.455,0.01,10164.171,0.99,2166.985206,1,0,0.94,0.08203125,102,0
0,2021-11-15T05:35:46+00:00,https://www.vk.com/,3g,310,310,310,310,1126,1176,1114,1289,5417,5544,5391,5824,4408,4529,4388,4790,6074,6145,5979,6383,5387,5515,5364,5795,packetLoss,0%,2,0.46,0,15684.058,0,15909.058,0.01,15684.058,1,0,1,0,201,0
0,2021-11-15T05:26:01+00:00,https://www.facebook.com/,3g,258,258,258,258,287,376,264,576,833,906,803,1083,561,632,520,814,2062,2126,2030,2286,824,897,794,1073,packetLoss,0%,2,0.79,0.29,3738.874,0.53,3888.874,0.85,3738.874,1,0,1,0.02756183624,123,0
0,2021-11-15T05:32:30+00:00,https://www.instagram.com/,3g,323,323,323,323,303,318,288,362,1240,1226,1109,1328,405,402,364,436,2700,2680,2558,2782,1237,1223,1107,1326,packetLoss,0%,2,0.7,0.88,1869.82,0.01,10095.367,0.98,2418.82184,1,0,0.94,0.08203125,102,0
0,2021-11-15T06:23:11+00:00,https://www.vk.com/,3g,310,310,310,310,1209,1199,1099,1289,5650,5640,5576,5693,4604,4605,4510,4701,6387,6358,6290,6397,5602,5584,5543,5607,packetLoss,0.45%,2,0.46,0,15690.496,0,15840.496,0.01,15690.496,1,0,1,0,202,0
0,2021-11-15T06:14:02+00:00,https://www.facebook.com/,3g,258,258,258,258,286,336,262,460,821,869,799,988,545,581,508,690,2080,2130,2064,2247,812,861,791,980,packetLoss,0.45%,2,0.79,0.29,3738.647,0.53,3888.647,0.85,3738.647,1,0,1,0,123,0
0,2021-11-15T06:20:09+00:00,https://www.instagram.com/,3g,323,323,323,323,576,513,306,657,1456,1427,1253,1571,663,606,400,755,2996,2921,2702,3064,1454,1425,1251,1569,packetLoss,0.45%,2,0.7,0.88,1895.125,0.01,10265.733,0.98,2491.043486,1,0,0.94,0.08203125,102,0
0,2021-11-15T07:38:42+00:00,https://www.vk.com/,3g,310,310,310,310,1052,1047,1033,1056,5112,5096,5042,5133,4105,4110,4100,4125,5745,5764,5615,5932,5081,5061,4999,5103,packetLoss,1.20%,2,0.46,0,15950.518,0,16100.518,0.01,15950.518,1,0,1,0,202,0
0,2021-11-15T07:29:31+00:00,https://www.facebook.com/,3g,258,258,258,258,270,266,255,272,783,779,742,811,507,507,490,525,2019,2003,1954,2037,774,769,732,802,packetLoss,1.20%,2,0.79,0.29,3744.137,0.53,3894.137,0.85,3744.137,1,0,1,0,123,0
0,2021-11-15T07:35:40+00:00,https://www.instagram.com/,3g,323,323,323,323,323,405,296,597,1379,1328,1141,1463,410,493,387,682,2838,2796,2602,2948,1377,1326,1139,1462,packetLoss,1.20%,2,0.71,0.95,1563.964,0.01,10223.412,0.98,2455.25296,1,0,0.94,0.08203125,102,0
0,2021-11-15T06:07:22+00:00,https://www.vk.com/,3g,310,310,310,310,1081,1092,1037,1158,5538,5670,5498,5974,4485,4613,4416,4939,6332,6464,6276,6783,5493,5635,5468,5943,packetLoss,0.30%,2,0.46,0,16008.9055,0,16083.9055,0.01,16008.9055,1,0,1,0,204,0
0,2021-11-15T05:57:58+00:00,https://www.facebook.com/,3g,258,258,258,258,283,283,271,295,814,822,806,845,540,541,525,558,2027,2033,1997,2075,806,814,798,837,packetLoss,0.30%,2,0.79,0.29,3730.329,0.53,3880.329,0.85,3730.329,1,0,1,0.02756183624,123,0
0,2021-11-15T06:04:20+00:00,https://www.instagram.com/,3g,323,323,323,323,308,398,304,582,1464,1358,1087,1524,380,481,379,684,2902,3279,2541,4393,1463,1357,1085,1522,packetLoss,0.30%,2,0.71,0.99,1249.741,0.01,10074.937,0.99,2067.984246,1,0,0.94,0.08203125,102,0
0,2021-11-15T07:54:25+00:00,https://www.vk.com/,3g,310,310,310,310,1272,1231,1128,1294,5332,6728,5327,9525,4318,4349,4206,4523,6002,7372,5906,10209,5290,6666,5265,9443,packetLoss,1.35%,2,0.46,0,15527.944,0,15752.944,0.01,15527.944,1,0,1,0,201,0
0,2021-11-15T07:45:09+00:00,https://www.facebook.com/,3g,258,258,258,258,270,272,264,282,783,792,775,818,509,518,505,541,2031,2043,2020,2077,776,784,766,809,packetLoss,1.35%,2,0.79,0.29,3724.015,0.53,3874.015,0.85,3724.015,1,0,1,0,123,0
0,2021-11-15T07:51:18+00:00,https://www.instagram.com/,3g,323,323,323,323,360,420,318,583,1261,1228,1068,1354,455,515,404,686,2713,2684,2528,2812,1259,1226,1066,1353,packetLoss,1.35%,2,0.71,0.99,1258.652,0.01,10056.887,0.99,2148.534128,1,0,0.94,0.08203125,102,0
0,2021-11-15T06:52:37+00:00,https://www.vk.com/,3g,310,310,310,310,1040,1126,1040,1297,5052,5131,5050,5292,4031,3994,3906,4045,5648,5710,5611,5870,5026,5102,5015,5265,packetLoss,0.75%,2,0.46,0,16182.6625,0,16332.6625,0.01,16182.6625,1,0,1,0,201,0
0,2021-11-15T06:44:08+00:00,https://www.facebook.com/,3g,258,258,258,258,281,283,268,300,699,723,693,778,475,485,473,508,1982,1961,1910,1990,693,717,687,771,packetLoss,0.75%,2,0.79,0.3,3684.894,0.55,3834.894,0.86,3684.894,1,0,1,0.02756183624,124,0
0,2021-11-15T06:49:47+00:00,https://www.instagram.com/,3g,323,323,323,323,290,289,288,290,929,940,923,969,369,366,344,384,2416,2406,2379,2424,927,939,922,967,packetLoss,0.75%,2,0.71,0.98,1265.154,0,10984.752,1,1889.717536,1,0,0.94,0.08203125,102,0
0,2021-11-15T08:10:14+00:00,https://www.vk.com/,3g,310,310,310,310,1108,1089,1050,1109,5632,5510,5192,5707,4637,4485,4177,4640,6219,6165,5862,6414,5603,5475,5161,5661,packetLoss,1.50%,2,0.46,0,15950.073,0,16100.073,0.01,15950.073,1,0,1,0,203,0
0,2021-11-15T08:00:55+00:00,https://www.facebook.com/,3g,258,258,258,258,274,274,260,289,814,812,795,827,542,530,503,545,2038,2034,1989,2076,805,803,786,818,packetLoss,1.50%,2,0.79,0.29,3739.362,0.53,3889.362,0.85,3739.362,1,0,1,0.02756183624,123,0
0,2021-11-15T08:07:10+00:00,https://www.instagram.com/,3g,323,324,323,325,302,303,298,309,1135,1143,1093,1200,390,392,384,401,2579,2601,2554,2670,1133,1141,1091,1198,packetLoss,1.50%,2,0.71,0.98,1286.828,0.01,10073.435,0.97,2636.61178,1,0,0.94,0.08203125,102,0
0,2021-11-15T06:38:12+00:00,https://www.vk.com/,3g,310,310,310,310,1265,1225,1115,1296,5461,5974,4853,7609,4422,4969,3847,6639,6268,6631,5432,8192,5418,5933,4813,7567,packetLoss,0.60%,2,0.46,0,15938.296,0,16013.296,0.01,15938.296,1,0,1,0,202,0
0,2021-11-15T06:29:33+00:00,https://www.facebook.com/,3g,258,258,258,258,256,256,247,266,683,685,671,701,477,466,439,481,1958,1960,1948,1973,676,679,665,695,packetLoss,0.60%,2,0.79,0.29,3744.984,0.53,3894.984,0.85,3744.984,1,0,1,0.02756183624,123,0
0,2021-11-15T06:35:23+00:00,https://www.instagram.com/,3g,323,323,323,323,303,309,300,324,944,968,942,1019,383,381,363,396,2391,2421,2388,2485,943,967,941,1018,packetLoss,0.60%,2,0.71,0.99,1172.141,0.01,10141.029,1,1956.174826,1,0,0.94,0.08203125,102,0
0,2021-11-15T07:09:04+00:00,https://www.vk.com/,3g,310,310,310,310,1293,2049,1222,3631,5580,6129,5308,7500,4549,5095,4308,6427,6319,6880,6173,8149,5551,6092,5280,7444,packetLoss,0.90%,3,0.46,0,15714.1035,0,15864.1035,0.01,15714.1035,1,0,1,0,135,69
0,2021-11-15T06:59:55+00:00,https://www.facebook.com/,3g,258,258,258,258,258,311,257,418,787,795,749,848,566,558,482,625,2041,2063,1984,2164,781,788,742,840,packetLoss,0.90%,3,0.79,0.29,3744.64,0.53,3894.64,0.85,3744.64,1,0,1,0.02756183624,27,96
0,2021-11-15T07:05:44+00:00,https://www.instagram.com/,3g,323,323,323,323,294,294,292,296,1096,1116,1071,1180,377,377,376,378,2558,2575,2527,2640,1094,1114,1070,1179,packetLoss,0.90%,3,0.71,0.98,1286.133,0,10969.284,0.99,2293.94235,1,0,0.94,0.08203125,12,90
0,2021-11-15T05:53:20+00:00,https://www.vk.com/,3g,310,310,310,310,1047,1129,1046,1293,5309,5211,4892,5431,4189,4108,3841,4295,5908,5890,5596,6166,5280,5177,4848,5402,packetLoss,0.15%,3,0.46,0,15776.8435,0,15926.8435,0.01,15776.8435,1,0,1,0,132,69
0,2021-11-15T05:43:44+00:00,https://www.facebook.com/,3g,258,258,258,258,276,275,266,282,843,858,813,917,542,569,524,640,2023,2059,1999,2155,833,848,804,906,packetLoss,0.15%,3,0.79,0.29,3730.163,0.53,3880.163,0.85,3730.163,1,0,1,0.02756183624,27,96
0,2021-11-15T05:49:55+00:00,https://www.instagram.com/,3g,323,323,323,323,293,390,287,589,1379,1347,1100,1563,382,474,362,677,2834,2798,2552,3007,1378,1346,1099,1562,packetLoss,0.15%,3,0.71,0.99,1252.042,0.01,10226.15,0.99,2232.200916,1,0,0.94,0.08203125,12,90
0,2021-11-15T07:24:56+00:00,https://www.vk.com/,3g,310,310,310,310,1285,1213,1042,1311,5088,4983,4667,5193,4088,3962,3670,4127,5838,5705,5353,5924,5061,4947,4617,5163,packetLoss,1.05%,3,0.46,0,16216.16,0,16441.16,0.01,16216.16,1,0,1,0,133,69
0,2021-11-15T07:15:11+00:00,https://www.facebook.com/,3g,258,258,258,258,259,262,248,278,791,794,789,803,509,507,493,519,2006,2015,1998,2040,783,786,779,796,packetLoss,1.05%,3,0.79,0.29,3754.437,0.53,3904.437,0.85,3754.437,1,0,1,0,27,96
0,2021-11-15T07:21:25+00:00,https://www.instagram.com/,3g,323,323,323,323,315,404,314,582,1283,1304,1271,1359,387,481,387,670,2730,2756,2719,2819,1281,1303,1269,1358,packetLoss,1.05%,3,0.71,0.99,1250.863,0.01,10144.744,0.99,2270.869542,1,0,0.94,0.08203125,12,90
0,2021-11-15T05:37:38+00:00,https://www.vk.com/,3g,310,310,310,310,1103,1146,1039,1296,5256,5296,5142,5491,4121,4241,4075,4527,5842,5896,5782,6065,5229,5269,5114,5463,packetLoss,0%,3,0.46,0,16120.1015,0,16345.1015,0.01,16120.1015,1,0,1,0,132,69
0,2021-11-15T05:27:36+00:00,https://www.facebook.com/,3g,258,258,258,258,274,270,252,285,805,819,804,848,515,516,510,524,2054,2044,2011,2068,797,810,795,838,packetLoss,0%,3,0.79,0.29,3757.816,0.53,3907.816,0.85,3757.816,1,0,1,0.02756183624,27,96
0,2021-11-15T05:34:12+00:00,https://www.instagram.com/,3g,323,323,323,323,291,291,287,295,1143,1160,1061,1275,377,377,372,383,2741,2716,2530,2876,1141,1158,1059,1273,packetLoss,0%,3,0.71,0.99,1256.406,0.01,10086.162,0.99,2024.94856,1,0,0.94,0.08203125,12,90
0,2021-11-15T06:25:03+00:00,https://www.vk.com/,3g,310,310,310,310,1087,1102,1080,1140,5249,5228,5131,5304,4157,4114,3951,4234,5949,5992,5751,6277,5171,5182,5100,5274,packetLoss,0.45%,3,0.46,0,15938.677,0,16088.677,0.01,15938.677,1,0,1,0,135,67
0,2021-11-15T06:15:27+00:00,https://www.facebook.com/,3g,258,258,258,258,277,279,273,287,826,841,820,878,528,527,526,528,2115,2096,2047,2127,819,834,812,870,packetLoss,0.45%,3,0.79,0.3,3698.125,0.54,3848.125,0.86,3698.125,1,0,1,0,27,96
0,2021-11-15T06:21:38+00:00,https://www.instagram.com/,3g,323,324,323,325,301,394,292,589,1265,1288,1167,1431,399,486,384,674,2829,2823,2734,2906,1264,1285,1164,1428,packetLoss,0.45%,3,0.71,0.98,1278.4,0.01,10149.538,0.99,2271.921636,1,0,0.94,0.08203125,12,90
0,2021-11-15T07:40:32+00:00,https://www.vk.com/,3g,310,310,310,310,1232,1186,1063,1262,5235,5278,4931,5669,4208,4218,3853,4593,5821,5951,5688,6343,5168,5222,4890,5607,packetLoss,1.20%,3,0.46,0,16241.207,0,16391.207,0.01,16241.207,1,0,1,0,132,69
0,2021-11-15T07:30:55+00:00,https://www.facebook.com/,3g,258,258,258,258,296,294,287,299,815,824,798,858,545,547,543,553,2035,2044,2005,2092,807,816,790,850,packetLoss,1.20%,3,0.79,0.29,3727.332,0.53,3877.332,0.85,3727.332,1,0,1,0.02756183624,27,96
0,2021-11-15T07:37:09+00:00,https://www.instagram.com/,3g,323,323,323,323,294,395,288,604,1224,1304,1130,1559,367,470,363,681,2679,2767,2592,3031,1222,1303,1129,1558,packetLoss,1.20%,3,0.71,0.99,1099.749,0.01,10166.077,0.99,2190.65871,1,0,0.94,0.08203125,12,90
0,2021-11-15T06:09:26+00:00,https://www.vk.com/,3g,310,310,310,310,1118,2822,1109,6239,5744,7113,5376,10220,4387,5887,4124,9150,6390,7750,6035,10826,5701,7070,5324,10184,packetLoss,0.30%,3,0.46,0,15804.3365,0,15954.3365,0.01,15804.3365,1,0,1,0,134,69
0,2021-11-15T05:59:26+00:00,https://www.facebook.com/,3g,258,258,258,258,307,346,293,437,1015,1077,824,1393,708,719,537,912,2174,2282,2030,2643,1007,1069,816,1385,packetLoss,0.30%,3,0.79,0.29,3725.621,0.53,3875.621,0.85,3725.621,1,0,1,0.02756183624,27,96
0,2021-11-15T06:05:48+00:00,https://www.instagram.com/,3g,323,323,323,323,293,294,290,300,1149,1226,1122,1406,379,383,378,391,2610,2691,2580,2884,1147,1224,1121,1404,packetLoss,0.30%,3,0.71,0.99,1236.622,0.01,10042.894,0.99,2080.034712,1,0,0.94,0.08203125,12,90
0,2021-11-15T07:56:20+00:00,https://www.vk.com/,3g,310,310,310,310,1112,1149,1104,1232,5354,6337,4850,8807,4221,4129,3823,4343,9654,8488,6024,9787,5322,6301,4820,8760,packetLoss,1.35%,3,0.46,0,16334.83,0,16559.83,0.01,16334.83,1,0,1,0,133,69
0,2021-11-15T07:46:33+00:00,https://www.facebook.com/,3g,258,258,258,258,261,261,252,270,801,800,787,813,491,501,488,524,2024,2029,1992,2071,794,792,778,805,packetLoss,1.35%,3,0.79,0.3,3694.901,0.54,3844.901,0.86,3694.901,1,0,1,0.02756183624,28,96
0,2021-11-15T07:52:47+00:00,https://www.instagram.com/,3g,323,323,323,323,299,403,294,617,1258,1240,1076,1387,383,489,379,705,2724,2701,2539,2839,1257,1239,1074,1385,packetLoss,1.35%,3,0.71,0.95,1545.028,0.01,10050.888,0.99,2317.857668,1,0,0.94,0.08203125,12,90
0,2021-11-15T06:54:25+00:00,https://www.vk.com/,3g,310,310,310,310,1134,1133,1046,1220,5099,6628,4816,9970,4025,4010,3910,4095,5782,7255,5420,10564,5074,6592,4777,9925,packetLoss,0.75%,3,0.46,0,16101.4085,0,16251.4085,0.01,16101.4085,1,0,1,0,132,69
0,2021-11-15T06:45:26+00:00,https://www.facebook.com/,3g,258,258,258,258,276,268,248,280,724,720,702,734,493,487,476,493,1974,1955,1877,2014,713,712,696,727,packetLoss,0.75%,3,0.79,0.29,3751.216,0.53,3901.216,0.85,3751.216,1,0,1,0,27,96
0,2021-11-15T06:51:09+00:00,https://www.instagram.com/,3g,323,323,323,323,301,396,285,602,1110,1116,974,1264,380,474,363,678,2565,2576,2439,2723,1108,1114,973,1262,packetLoss,0.75%,3,0.71,0.99,1240.965,0.01,10057.497,0.99,2075.27655,1,0,0.94,0.08203125,12,90
0,2021-11-15T08:12:16+00:00,https://www.vk.com/,3g,310,310,310,310,1105,1083,1034,1110,5047,5004,4886,5080,3965,4001,3925,4112,5707,5658,5510,5757,4989,4937,4825,4996,packetLoss,1.50%,3,0.46,0,16564.882,0,16714.882,0.01,16564.882,1,0,1,0,134,69
0,2021-11-15T08:02:26+00:00,https://www.facebook.com/,3g,258,258,258,258,255,262,248,282,794,791,784,796,508,504,477,526,2078,2073,1997,2143,785,783,776,787,packetLoss,1.50%,3,0.79,0.3,3695.341,0.54,3845.341,0.86,3695.341,1,0,1,0,27,96
0,2021-11-15T08:08:38+00:00,https://www.instagram.com/,3g,323,323,323,323,581,484,285,585,1421,1329,1125,1442,677,577,370,683,2879,2785,2584,2892,1420,1328,1124,1441,packetLoss,1.50%,3,0.71,0.95,1571.025,0.01,10098.775,0.98,2413.506278,1,0,0.94,0.08203125,12,90
0,2021-11-15T06:39:56+00:00,https://www.vk.com/,3g,310,310,310,310,1047,1130,1043,1301,5114,4950,4493,5243,4025,3937,3577,4208,5821,5725,5150,6205,5071,4913,4449,5219,packetLoss,0.60%,3,0.46,0,15798.2695,0,15948.2695,0.01,15798.2695,1,0,1,0,132,69
0,2021-11-15T06:30:51+00:00,https://www.facebook.com/,3g,258,258,258,258,274,274,272,277,776,2394,732,5675,492,498,492,511,2031,4988,1962,10970,764,2379,725,5648,packetLoss,0.60%,3,0.78,0.28,3785.344,0.52,3935.344,0.85,3785.344,1,0,1,0.02756183624,27,98
0,2021-11-15T06:36:44+00:00,https://www.instagram.com/,3g,323,323,323,323,295,390,292,582,1011,1109,976,1341,369,458,359,647,2459,2562,2418,2809,1010,1108,974,1339,packetLoss,0.60%,3,0.7,0.88,1860.055,0.01,10062.865,0.98,2442.163326,1,0,0.94,0.08203125,12,90
0,2021-11-15T16:51:33+00:00,https://www.whatsapp.com/,3g,560,560,560,560,424,422,418,425,769,764,752,772,657,659,642,679,1966,1962,1936,1985,762,757,745,765,packetLoss,0.90%,2,0.81,0.64,2608.859,0.41,4337.8495,0.97,2608.859,1,0,1,0.0137546658,63,0
0,2021-11-15T16:58:09+00:00,https://www.glassdoor.com/,3g,1144,1145,1144,1146,1746,1917,1031,2975,5701,5720,4658,6801,2002,2172,1290,3225,8443,8549,7616,9589,5652,5673,4610,6756,packetLoss,0.90%,2,0.19,0.3,3696.545,0,10893.6045,0.04,12144.51994,0,12352,1,0.00657430013,306,0
0,2021-11-15T16:54:22+00:00,https://www.forbes.com/,3g,1979,1980,1979,1983,46,47,44,50,4167,6761,4072,12044,255,256,245,269,9965,12253,9757,17036,4131,6734,4044,12026,packetLoss,0.90%,2,0.89,0.76,2265.785,0.82,2869.897,0.94,2984.065906,0.93,164,1,0.005288526747,519,0
0,2021-11-15T16:48:17+00:00,https://www.canva.com/,3g,4254,4254,4254,4254,560,582,542,645,3683,3657,3451,3836,836,861,823,925,3732,3713,3503,3904,3679,3653,3448,3833,packetLoss,0.90%,2,0.53,0.81,2122.742,0.75,3125.404,0.52,5656.377464,0.14,1492,1,0.0009662272135,372,0
0,2021-11-15T15:22:16+00:00,https://www.whatsapp.com/,3g,560,560,560,560,457,455,450,458,794,809,794,838,728,717,686,736,2014,2026,2010,2053,787,802,787,831,packetLoss,0.15%,2,0.81,0.64,2610.07,0.41,4339.9,0.97,2610.07,1,0,1,0.0137546658,63,0
0,2021-11-15T15:29:26+00:00,https://www.glassdoor.com/,3g,1144,1144,1144,1144,1828,2846,1779,4931,8789,8617,5592,11471,2578,3430,2025,5687,11624,12295,8464,16797,8743,8570,5544,11424,packetLoss,0.15%,2,0.16,0.28,3792.443,0,13466.019,0.01,15313.00362,0,13402,0.85,0.1203125,307,0
0,2021-11-15T15:24:59+00:00,https://www.forbes.com/,3g,1983,1983,1983,1983,56,61,55,71,4260,4558,3980,5433,277,282,261,309,9820,10500,9664,12015,4220,4524,3955,5396,packetLoss,0.15%,2,0.44,0.75,2279.101,0.83,2805.4905,0.05,11743.62241,0.01,4177,1,0.006572254817,518,0
0,2021-11-15T15:18:59+00:00,https://www.canva.com/,3g,4254,4254,4254,4254,639,624,540,693,3718,3614,3405,3718,957,964,860,1074,4024,3999,3472,4502,3709,3608,3399,3715,packetLoss,0.15%,2,0.51,0.8,2136.014,0.75,3130.446,0.51,5768.103703,0.09,1884.1655,1,0.0009662272135,372,0
0,2021-11-15T17:08:29+00:00,https://www.whatsapp.com/,3g,560,560,560,560,426,430,426,437,763,760,751,765,650,653,638,671,1975,1976,1974,1979,755,753,744,759,packetLoss,1.05%,2,0.84,0.64,2610.671,0.53,3886.33,0.97,2610.671,1,0,1,0.0137546658,63,0
0,2021-11-15T17:16:30+00:00,https://www.glassdoor.com/,3g,1144,1144,1144,1145,1120,1955,1018,3727,5047,5575,4427,7252,1405,2211,1242,3987,7743,8520,7536,10280,4974,5514,4375,7194,packetLoss,1.05%,2,0.16,0.28,3784.939,0,11792.2255,0.03,13081.21651,0,12482,0.83,0.1248207601,308,0
0,2021-11-15T17:11:12+00:00,https://www.forbes.com/,3g,1979,1979,1979,1979,53,56,49,66,4200,10041,4129,21795,270,264,241,282,9602,17116,9592,32154,4178,10003,4098,21732,packetLoss,1.05%,2,0.24,0.7,2446.608,0.02,8313.9785,0.04,12306.9327,0.02,3807.5,1,0.005859375,576,0
0,2021-11-15T17:05:11+00:00,https://www.canva.com/,3g,4266,4266,4266,4266,574,675,553,898,3842,4176,3543,5143,879,972,843,1194,4368,6968,4071,12465,3836,4171,3538,5140,packetLoss,1.05%,2,0.52,0.8,2146.857,0.74,3146.274,0.59,5282.675477,0.1,1791.5,1,0.0009662272135,379,0
0,2021-11-15T15:04:05+00:00,https://www.whatsapp.com/,3g,560,560,560,560,525,524,520,527,940,954,936,986,791,799,789,816,2164,2170,2154,2193,933,946,927,979,packetLoss,0%,2,0.84,0.64,2612.674,0.51,3967.156,0.97,2612.674,1,0,1,0.0137546658,63,0
0,2021-11-15T15:11:29+00:00,https://www.glassdoor.com/,3g,1144,1144,1144,1144,1392,1352,1270,1394,5407,5489,5380,5681,1666,1652,1610,1681,8223,8207,8051,8347,5356,5432,5320,5620,packetLoss,0%,2,0.15,0.24,3966.937,0,20405.6025,0,22295.86602,0,13849.644,0.85,0.1203125,303,0
0,2021-11-15T15:06:56+00:00,https://www.forbes.com/,3g,1979,1979,1979,1980,78,89,70,119,4751,4719,4551,4856,344,347,308,390,10111,10131,10079,10202,4715,4686,4530,4814,packetLoss,0%,2,0.43,0.74,2317.193,0.8,2941.893,0.05,11358.78171,0.01,4652.5,1,0.006572254817,499,0
0,2021-11-15T15:00:34+00:00,https://www.canva.com/,3g,4254,4254,4254,4254,645,651,565,742,4032,3900,3553,4114,1048,1035,896,1161,4095,3989,3674,4197,4028,3895,3546,4111,packetLoss,0%,2,0.44,0.75,2289.831,0.58,3700.811,0.42,6340.485317,0.06,2284,1,0.0009662272135,372,0
0,2021-11-15T15:58:27+00:00,https://www.whatsapp.com/,3g,560,560,560,560,489,473,437,494,835,822,773,859,706,702,656,743,2057,2040,1988,2076,828,815,765,852,packetLoss,0.45%,2,0.81,0.64,2609.816,0.41,4334.816,0.97,2609.816,1,0,1,0.0137546658,63,0
0,2021-11-15T16:05:59+00:00,https://www.glassdoor.com/,3g,1144,1144,1144,1144,1835,3526,1436,7308,5998,6838,3460,11055,3056,4114,1715,7570,9090,10368,8069,13944,5951,6790,3421,10997,packetLoss,0.45%,2,0.16,0.31,3672.199,0,11811.247,0.01,14635.21589,0,13697.623,0.83,0.1248207601,307,0
0,2021-11-15T16:01:12+00:00,https://www.forbes.com/,3g,1983,1983,1982,1983,46,49,43,59,4173,9954,4006,21683,276,269,249,281,9895,17278,9679,32260,4144,9920,3981,21634,packetLoss,0.45%,2,0.25,0.76,2267.441,0.03,7914.7995,0.06,11210.1933,0.02,3660.5,1,0.006669022136,566,0
0,2021-11-15T15:55:10+00:00,https://www.canva.com/,3g,4254,4254,4254,4254,549,626,523,806,3455,3671,3404,4154,829,923,828,1112,3512,3735,3458,4236,3450,3667,3400,4151,packetLoss,0.45%,2,0.53,0.8,2148.237,0.74,3148.99,0.55,5489.279565,0.14,1511,1,0.0009662272135,372,0
0,2021-11-15T17:26:53+00:00,https://www.whatsapp.com/,3g,560,560,560,560,472,472,446,499,811,853,762,987,690,742,659,878,2023,2065,1973,2199,804,847,756,980,packetLoss,1.20%,2,0.84,0.63,2615.116,0.53,3890.905,0.97,2615.116,1,0,1,0.0137546658,63,0
0,2021-11-15T17:33:36+00:00,https://www.glassdoor.com/,3g,1144,1144,1144,1144,2526,2180,1067,2948,7070,7469,4762,10574,3193,2654,1308,3461,9804,11132,7646,15945,7022,7420,4712,10526,packetLoss,1.20%,2,0.15,0.26,3895.189,0,12298.068,0.03,12883.40896,0,14229,0.83,0.1248207601,311,0
0,2021-11-15T17:29:32+00:00,https://www.forbes.com/,3g,1985,1986,1983,1989,60,54,40,62,4439,4534,4147,5015,274,279,274,290,9805,9819,9745,9907,4417,4498,4110,4966,packetLoss,1.20%,2,0.38,0.95,1533.72,0.5,3988.302,0.05,11761.75914,0.01,4336,1,0.006572254817,564,0
0,2021-11-15T17:23:36+00:00,https://www.canva.com/,3g,4254,4254,4254,4254,553,555,544,567,3539,3659,3404,4034,843,852,843,871,4086,3921,3585,4092,3536,3655,3397,4031,packetLoss,1.20%,2,0.51,0.79,2160.603,0.74,3166.514,0.52,5666.126842,0.1,1825,1,0.0009662272135,375,0
0,2021-11-15T15:40:26+00:00,https://www.whatsapp.com/,3g,560,560,560,560,478,482,459,508,850,834,793,858,742,726,691,746,2065,2050,2011,2073,840,826,786,851,packetLoss,0.30%,2,0.81,0.64,2607.645,0.41,4335.8535,0.97,2607.645,1,0,1,0.0137546658,63,0
0,2021-11-15T15:47:38+00:00,https://www.glassdoor.com/,3g,1144,1144,1144,1144,1808,2099,1805,2684,5971,6067,5570,6660,2740,2582,2070,2935,8667,8778,8427,9239,5910,6010,5518,6602,packetLoss,0.30%,2,0.14,0.24,3953.506,0,12745.7205,0.03,12755.61636,0,14471.2725,0.77,0.148137207,305,0
0,2021-11-15T15:43:16+00:00,https://www.forbes.com/,3g,1983,1983,1983,1983,62,68,62,80,4214,6771,4141,11957,300,305,284,330,9930,12110,9737,16663,4175,6738,4115,11925,packetLoss,0.30%,2,0.44,0.76,2265.126,0.82,2868.962,0.05,11386.74835,0.01,3856,1,0.006572254817,530,0
0,2021-11-15T15:37:04+00:00,https://www.canva.com/,3g,4254,4258,4254,4266,627,611,572,634,3638,3621,3534,3692,942,927,885,953,3716,3686,3598,3744,3631,3617,3531,3688,packetLoss,0.30%,2,0.52,0.82,2089.307,0.76,3093.904,0.53,5598.979146,0.11,1754.5,1,0.0009662272135,372,0
0,2021-11-15T17:44:02+00:00,https://www.whatsapp.com/,3g,560,560,560,560,507,505,465,544,819,834,783,901,709,720,674,776,2041,2049,1998,2107,812,827,776,894,packetLoss,1.35%,2,0.84,0.64,2603.936,0.53,3887.7825,0.97,2603.936,1,0,1,0.0137546658,63,0
0,2021-11-15T17:51:00+00:00,https://www.glassdoor.com/,3g,1144,1144,1144,1144,2337,2028,1198,2549,5957,5671,4682,6373,2791,2482,1446,3208,9115,8672,7775,9127,5902,5615,4629,6315,packetLoss,1.35%,2,0.16,0.27,3842.366,0,14311.307,0.02,13909.05802,0,13302.935,0.84,0.1242567952,308,0
0,2021-11-15T17:46:50+00:00,https://www.forbes.com/,3g,1984,1985,1983,1987,50,50,43,56,4298,6827,4153,12030,256,254,240,266,10419,12352,9716,16921,4272,6803,4128,12010,packetLoss,1.35%,2,0.24,0.71,2419.111,0.03,7960.508,0.07,10761.99761,0.02,3700.5,1,0.01824951172,549,0
0,2021-11-15T17:40:46+00:00,https://www.canva.com/,3g,4254,4254,4254,4254,583,594,524,675,3513,3573,3444,3762,873,899,819,1005,3563,3624,3491,3819,3500,3566,3440,3759,packetLoss,1.35%,2,0.51,0.82,2092.218,0.76,3083.153,0.48,5928.507091,0.09,1944.9865,1,0.0009662272135,378,0
0,2021-11-15T16:33:30+00:00,https://www.whatsapp.com/,3g,560,560,560,560,501,558,495,677,860,897,802,1028,740,782,697,910,2073,2108,2015,2235,853,890,796,1021,packetLoss,0.75%,2,0.82,0.63,2614.703,0.47,4114.703,0.97,2614.703,1,0,1,0.0137546658,63,0
0,2021-11-15T16:41:00+00:00,https://www.glassdoor.com/,3g,1144,1144,1144,1144,1139,1267,1053,1609,4960,4905,4737,5017,1436,1537,1336,1838,7836,7900,7714,8149,4913,4854,4684,4965,packetLoss,0.75%,2,0.16,0.28,3793.906,0,11827.9345,0,17384.81368,0,13721.235,0.85,0.1203125,303,0
0,2021-11-15T16:36:09+00:00,https://www.forbes.com/,3g,1979,1979,1979,1979,53,55,47,66,4084,13706,4079,32956,256,249,226,265,12231,23425,9683,48360,4059,13682,4056,32932,packetLoss,0.75%,2,0.49,0.97,1446.694,0.91,2427.464,0.08,10406.61391,0.01,4895.5,1,0.01824951172,534,0
0,2021-11-15T16:30:15+00:00,https://www.canva.com/,3g,4254,4254,4254,4254,584,576,558,585,3451,3352,3080,3526,876,865,821,897,3512,3500,3405,3584,3445,3346,3070,3523,packetLoss,0.75%,2,0.52,0.81,2110.905,0.75,3115.757,0.55,5509.343247,0.09,1916,1,0.0009662272135,372,0
0,2021-11-15T18:01:24+00:00,https://www.whatsapp.com/,3g,560,560,560,560,449,451,415,488,773,790,766,832,659,670,645,706,1990,2004,1977,2045,766,784,760,825,packetLoss,1.50%,2,0.81,0.64,2610.423,0.41,4338.4935,0.97,2610.423,1,0,1,0.0137546658,63,0
0,2021-11-15T18:07:38+00:00,https://www.glassdoor.com/,3g,1144,1144,1144,1144,1894,2328,1073,4018,7724,7581,5484,9536,2141,2575,1308,4275,10599,11330,8483,14909,7675,7532,5436,9485,packetLoss,1.50%,2,0.16,0.31,3656.399,0,15671.5145,0.01,15547.03733,0,11773,0.84,0.1242567952,308,0
0,2021-11-15T18:04:02+00:00,https://www.forbes.com/,3g,1987,1986,1983,1989,55,51,44,55,4200,4975,4090,6635,261,257,241,269,12695,13127,9681,17004,4177,4951,4065,6612,packetLoss,1.50%,2,0.89,0.76,2270.537,0.82,2876.313,0.96,2739.599266,0.94,162.5,1,0.006572254817,562,0
0,2021-11-15T17:58:09+00:00,https://www.canva.com/,3g,4254,4254,4254,4254,609,634,575,718,3684,3647,3552,3704,913,926,862,1003,3758,3859,3597,4223,3678,3641,3548,3698,packetLoss,1.50%,2,0.5,0.78,2196.128,0.73,3191.776,0.48,5953.921132,0.1,1791.7965,1,0.0009662272135,387,0
0,2021-11-15T16:16:34+00:00,https://www.whatsapp.com/,3g,560,560,560,560,732,773,533,1055,1211,1173,902,1405,1090,1054,774,1297,2425,2395,2114,2646,1203,1165,895,1398,packetLoss,0.60%,2,0.84,0.64,2614.136,0.51,3962.081,0.97,2614.136,1,0,1,0.0137546658,63,0
0,2021-11-15T16:22:58+00:00,https://www.glassdoor.com/,3g,1144,1144,1144,1144,1122,1154,1102,1237,4996,6692,4993,10088,1366,1400,1357,1477,7796,10327,7739,15447,4949,6644,4945,10037,packetLoss,0.60%,2,0.15,0.24,3998.457,0,14480.0805,0.02,14371.30578,0,13039.053,0.84,0.1242567952,308,0
0,2021-11-15T16:19:25+00:00,https://www.forbes.com/,3g,1983,1983,1983,1983,51,52,47,59,5022,6635,3688,11196,275,264,242,275,9852,12097,9761,16678,4994,6603,3637,11178,packetLoss,0.60%,2,0.9,0.76,2262.717,0.82,2866.857,0.97,2654.960592,0.95,145,1,0.006669022136,554,0
0,2021-11-15T16:13:03+00:00,https://www.canva.com/,3g,4254,4258,4254,4266,771,783,737,842,3485,3550,3369,3796,1079,1103,1067,1164,3663,3703,3605,3842,3480,3545,3363,3792,packetLoss,0.60%,2,0.5,0.78,2214.532,0.72,3217.878,0.49,5838.0529,0.1,1770,1,0.0009662272135,376,0
0,2021-11-15T16:52:49+00:00,https://www.whatsapp.com/,3g,560,560,560,560,422,423,414,432,755,755,737,772,639,640,624,656,2005,2004,1969,2039,748,748,730,765,packetLoss,0.90%,3,0.81,0.64,2609.459,0.41,4339.68,0.97,2609.459,1,0,1,0.0137546658,60,3
0,2021-11-15T17:00:09+00:00,https://www.glassdoor.com/,3g,1144,1144,1144,1144,1178,1376,1166,1785,5022,5025,4633,5419,1823,1850,1574,2154,9609,9442,9103,9615,4973,4977,4589,5370,packetLoss,0.90%,3,0.16,0.3,3705.47,0,10952.887,0.01,14640.33701,0,14008.032,0.83,0.1248207601,188,114
0,2021-11-15T16:56:24+00:00,https://www.forbes.com/,3g,1979,1981,1978,1987,49,48,44,50,4119,8698,3788,18186,275,275,267,283,12093,13773,9808,19419,4097,8673,3766,18157,packetLoss,0.90%,3,0.89,0.76,2263.257,0.84,2790.686,0.96,2747.473528,0.93,168.153,1,0.006258039474,521,20
0,2021-11-15T16:49:58+00:00,https://www.canva.com/,3g,4254,4254,4254,4254,764,697,548,779,4432,4344,4052,4548,1098,1025,875,1102,4766,5025,4292,6018,4429,4340,4049,4542,packetLoss,0.90%,3,0.51,0.8,2145.279,0.7,3289.639,0.59,5250.506061,0.09,1933,1,0.0009662272135,217,155
0,2021-11-15T15:23:34+00:00,https://www.whatsapp.com/,3g,560,560,560,560,461,500,431,609,812,826,733,932,689,713,627,822,2045,2069,1990,2172,805,819,726,925,packetLoss,0.15%,3,0.81,0.64,2604.204,0.41,4329.204,0.97,2604.204,1,0,1,0.0137546658,60,3
0,2021-11-15T15:31:49+00:00,https://www.glassdoor.com/,3g,1144,1144,1144,1144,1213,1621,1110,2540,5855,5395,4431,5899,1563,1993,1523,2892,9136,9387,8938,10086,5811,5363,4388,5889,packetLoss,0.15%,3,0.18,0.29,3720.667,0,11661.698,0.04,11951.19414,0,12853.5,1,0.00657430013,211,105
0,2021-11-15T15:27:15+00:00,https://www.forbes.com/,3g,1983,1988,1983,1999,69,67,60,71,4005,3947,3570,4266,282,283,276,292,9793,10001,9716,10493,3973,3905,3527,4215,packetLoss,0.15%,3,0.24,0.73,2359.411,0.03,8055.903,0.06,11042.04554,0.02,3841.5,1,0.006669022136,506,12
0,2021-11-15T15:20:41+00:00,https://www.canva.com/,3g,4254,4255,4254,4258,640,851,542,1370,4053,3982,3748,4146,948,1350,841,2260,4497,4523,4439,4632,4049,3973,3745,4124,packetLoss,0.15%,3,0.51,0.8,2131.459,0.75,3132.134,0.45,6096.546819,0.11,1748,1,0.0009662272135,236,133
0,2021-11-15T17:09:45+00:00,https://www.whatsapp.com/,3g,560,560,560,560,464,781,447,1431,1711,1584,792,2250,677,998,674,1643,2023,2330,1992,2975,1701,1576,784,2243,packetLoss,1.05%,3,0.9,0.64,2609.28,0.84,2759.521,0.97,2609.28,1,0,0.86,0.116506546,59,4
0,2021-11-15T17:18:34+00:00,https://www.glassdoor.com/,3g,1144,1144,1144,1144,1791,2127,1781,2808,6374,6540,6012,7233,2170,2501,2164,3170,9853,10309,9703,11371,6327,6485,5951,7176,packetLoss,1.05%,3,0.16,0.29,3724.283,0,11359.868,0.03,12594.79634,0,14062.5,0.82,0.1294411214,167,143
0,2021-11-15T17:13:41+00:00,https://www.forbes.com/,3g,1979,1982,1979,1987,50,56,48,70,4630,13828,4131,32724,275,271,260,277,12084,23409,9916,48226,4606,13799,4111,32679,packetLoss,1.05%,3,0.44,0.76,2269.805,0.82,2875.777,0.06,11204.56832,0.01,4366.5,1,0.006669022136,521,26
0,2021-11-15T17:06:53+00:00,https://www.canva.com/,3g,4254,4254,4254,4254,584,700,556,960,4447,4688,3993,5624,1252,1328,870,1861,4827,5047,4345,5969,4444,4678,3988,5603,packetLoss,1.05%,3,0.51,0.79,2165.766,0.74,3172.637,0.58,5354.522376,0.08,2019.132,1,0.0009662272135,220,158
0,2021-11-15T15:05:27+00:00,https://www.whatsapp.com/,3g,560,560,560,560,499,519,494,565,950,947,907,983,801,813,786,853,2186,2189,2159,2221,943,939,899,976,packetLoss,0%,3,0.83,0.63,2635.33,0.51,3976.96,0.97,2635.33,1,0,1,0.0137546658,61,3
0,2021-11-15T15:13:46+00:00,https://www.glassdoor.com/,3g,1144,1144,1144,1144,1269,1397,1226,1695,7387,7830,7280,8823,2368,2219,1810,2480,11886,11719,10145,13125,7310,7766,7232,8755,packetLoss,0%,3,0.14,0.12,4823.916,0,21859.8375,0.01,16055.14607,0,15270.5,0.83,0.124699707,198,105
0,2021-11-15T15:09:13+00:00,https://www.forbes.com/,3g,1979,1982,1979,1987,83,86,82,92,4574,4610,4564,4692,318,327,305,357,10303,10292,10109,10465,4539,4577,4524,4669,packetLoss,0%,3,0.44,0.74,2334.173,0.81,2885.2375,0.07,10663.72737,0.01,5262.5,1,0.01824951172,499,12
0,2021-11-15T15:02:22+00:00,https://www.canva.com/,3g,4254,4254,4254,4254,1056,1008,643,1324,5142,5267,4425,6234,1393,1378,1015,1725,7163,7258,6659,7952,5138,5262,4417,6230,packetLoss,0%,3,0.47,0.75,2285.621,0.7,3307.831,0.32,7063.326294,0.07,2173.5,1,0.0006458333333,233,139
0,2021-11-15T15:59:51+00:00,https://www.whatsapp.com/,3g,560,560,560,560,437,454,434,490,808,816,776,863,690,697,660,741,2051,2050,2005,2094,801,809,770,856,packetLoss,0.45%,3,0.8,0.64,2604.852,0.38,4479.852,0.97,2604.852,1,0,1,0.0137546658,60,3
0,2021-11-15T16:08:00+00:00,https://www.glassdoor.com/,3g,1144,1144,1144,1144,1153,1357,1113,1804,4738,4936,4380,5690,1524,1926,1475,2780,9324,9239,8233,10159,4679,4897,4372,5641,packetLoss,0.45%,3,0.13,0.02,7057.757,0,15194.211,0.01,15142.31089,0,12214.12,0.82,0.1311366442,198,105
0,2021-11-15T16:03:40+00:00,https://www.forbes.com/,3g,1983,1987,1979,1999,55,53,45,58,4387,4408,4119,4719,291,291,261,320,9963,10018,9795,10295,4366,4384,4092,4695,packetLoss,0.45%,3,0.44,0.75,2291.875,0.81,2901.895,0.07,10895.03232,0.01,4360.5,1,0.01824951172,516,12
0,2021-11-15T15:56:50+00:00,https://www.canva.com/,3g,4254,4254,4254,4254,615,660,540,824,4341,4408,4013,4869,927,971,847,1139,4420,4709,4386,5320,4333,4402,4010,4864,packetLoss,0.45%,3,0.52,0.81,2115.771,0.75,3129.774,0.61,5180.248468,0.09,1878.4605,1,0.0009662272135,232,140
0,2021-11-15T17:28:09+00:00,https://www.whatsapp.com/,3g,560,560,560,560,428,442,421,477,930,1009,828,1268,723,747,708,810,2066,2092,2045,2164,923,1001,821,1260,packetLoss,1.20%,3,0.8,0.64,2610.525,0.38,4492.7875,0.97,2610.525,1,0,1,0.0137546658,59,4
0,2021-11-15T17:35:48+00:00,https://www.glassdoor.com/,3g,1144,1144,1144,1144,1220,1221,1115,1329,5271,5254,4768,5722,1708,1683,1549,1791,9480,9408,9122,9622,5219,5203,4720,5671,packetLoss,1.20%,3,0.15,0.27,3818.131,0,13263.317,0.02,14141.1085,0,12082.5,0.79,0.1394287109,181,122
0,2021-11-15T17:31:47+00:00,https://www.forbes.com/,3g,1834,1885,1834,1987,56,60,56,69,520,2625,515,6840,258,263,255,275,900,6296,885,17102,519,2617,515,6818,packetLoss,1.20%,3,0.42,0.75,2281.427,0.75,3115.117,0.03,12508.59357,0.01,3983.5,1,0.006669022136,229,14
0,2021-11-15T17:25:17+00:00,https://www.canva.com/,3g,4254,4254,4254,4254,681,739,628,907,4128,4266,4021,4650,978,1048,931,1234,4704,4563,4242,4742,4124,4263,4017,4647,packetLoss,1.20%,3,0.51,0.78,2195.351,0.73,3205.016,0.57,5359.071603,0.08,1996.5,1,0.0009662272135,218,160
0,2021-11-15T15:41:42+00:00,https://www.whatsapp.com/,3g,560,560,560,560,500,501,471,531,809,822,783,875,705,716,674,770,2042,2052,2012,2103,802,815,776,868,packetLoss,0.30%,3,0.84,0.64,2606.79,0.53,3906.958,0.97,2606.79,1,0,1,0.0137546658,60,3
0,2021-11-15T15:49:40+00:00,https://www.glassdoor.com/,3g,1144,1143,1142,1144,1212,1358,1140,1721,4779,5056,4583,5806,1932,2018,1499,2622,9361,9656,9188,10420,4731,5005,4531,5753,packetLoss,0.30%,3,0.16,0.29,3736.666,0,11733.4325,0.02,13825.17088,0,14739,0.82,0.1311366442,196,106
0,2021-11-15T15:45:27+00:00,https://www.forbes.com/,3g,1979,1979,1975,1983,53,53,47,60,4099,3942,3558,4169,254,263,252,282,9811,9825,9781,9883,4074,3896,3531,4083,packetLoss,0.30%,3,0.43,0.75,2282.378,0.77,3054.388,0.05,11758.6728,0.01,3943,1,0.006572254817,483,12
0,2021-11-15T15:38:44+00:00,https://www.canva.com/,3g,4254,4254,4254,4254,582,579,560,595,3956,3926,3737,4085,891,918,883,979,4391,4296,3946,4550,3953,3923,3733,4082,packetLoss,0.30%,3,0.51,0.78,2200.301,0.72,3213.736,0.58,5305.319478,0.1,1839.5,1,0.0009662272135,240,138
0,2021-11-15T17:45:17+00:00,https://www.whatsapp.com/,3g,560,560,560,560,415,436,412,482,760,769,733,815,660,654,618,683,2041,2063,1991,2158,753,762,726,808,packetLoss,1.35%,3,0.83,0.63,2617.514,0.51,3963.683,0.97,2617.514,1,0,1,0.0137546658,60,3
0,2021-11-15T17:53:03+00:00,https://www.glassdoor.com/,3g,1144,1144,1144,1144,1919,3442,1908,6499,5853,7172,5400,10263,2620,4074,2279,7324,9603,11213,9157,14878,5807,7132,5392,10198,packetLoss,1.35%,3,0.16,0.31,3661.084,0,11364.4265,0.04,11883.4165,0,13880.814,0.82,0.1294411214,182,125
0,2021-11-15T17:48:54+00:00,https://www.forbes.com/,3g,1987,1988,1987,1989,56,53,45,57,4194,4185,4122,4240,275,280,275,290,9842,10627,9794,12245,4176,4155,4092,4196,packetLoss,1.35%,3,0.44,0.76,2270.713,0.81,2880.137,0.05,11466.1106,0.02,3498.5,1,0.006572254817,538,29
0,2021-11-15T17:42:27+00:00,https://www.canva.com/,3g,4254,4254,4254,4254,718,737,592,902,4489,4384,3929,4734,1061,1057,901,1210,4737,4855,4542,5287,4485,4380,3925,4730,packetLoss,1.35%,3,0.52,0.81,2104.014,0.75,3112.329,0.53,5593.742625,0.11,1735.5,1,0.0009662272135,229,152
0,2021-11-15T16:34:46+00:00,https://www.whatsapp.com/,3g,560,560,560,560,454,505,436,626,803,840,740,978,690,707,639,792,2030,2070,1972,2207,795,833,734,971,packetLoss,0.75%,3,0.81,0.64,2610.057,0.41,4335.3445,0.97,2610.057,1,0,1,0.0137546658,60,3
0,2021-11-15T16:43:06+00:00,https://www.glassdoor.com/,3g,1144,1144,1144,1144,1785,2539,1158,4675,6320,6468,4353,8732,2660,3159,1517,5299,10850,10745,8150,13236,6274,6434,4344,8683,packetLoss,0.75%,3,0.16,0.3,3709.954,0,11510.6515,0.03,12867.77934,0,13863,0.82,0.1294411214,203,106
0,2021-11-15T16:38:55+00:00,https://www.forbes.com/,3g,1983,1982,1981,1983,55,55,48,62,4230,4654,4060,5672,275,268,238,291,10553,11993,9691,15736,4212,4627,4026,5642,packetLoss,0.75%,3,0.5,0.98,1291.535,0.95,2214.727,0.07,10631.02927,0.02,3724.5,1,0.006669022136,559,12
0,2021-11-15T16:31:53+00:00,https://www.canva.com/,3g,4254,4258,4254,4266,580,638,564,770,3965,3967,3697,4238,904,941,861,1057,4478,4525,4344,4753,3962,3963,3693,4234,packetLoss,0.75%,3,0.52,0.81,2104.743,0.76,3104.053,0.49,5891.686742,0.11,1755,1,0.0009662272135,233,140
0,2021-11-15T18:02:40+00:00,https://www.whatsapp.com/,3g,560,560,560,560,445,656,421,1102,809,1016,780,1459,677,893,663,1340,2043,2248,2010,2692,803,1010,774,1452,packetLoss,1.50%,3,0.81,0.64,2608.002,0.41,4335.279,0.97,2608.002,1,0,1,0.0137546658,60,3
0,2021-11-15T18:09:43+00:00,https://www.glassdoor.com/,3g,1144,1144,1144,1144,1354,1624,1187,2332,5566,5617,5369,5917,2047,2207,1580,2994,9895,9998,9891,10207,5505,5561,5324,5854,packetLoss,1.50%,3,0.15,0.29,3726.314,0,10787.494,0,17967.3514,0,14020,0.81,0.131700609,195,125
0,2021-11-15T18:05:49+00:00,https://www.forbes.com/,3g,1987,1988,1987,1989,61,59,50,65,4248,4447,4078,5015,292,284,258,301,9762,9771,9759,9792,4217,4415,4049,4978,packetLoss,1.50%,3,0.89,0.76,2260.503,0.82,2863.431,0.97,2658.758048,0.94,162.5,1,0.006669022136,515,39
0,2021-11-15T17:59:49+00:00,https://www.canva.com/,3g,4254,4254,4254,4254,592,579,552,594,3914,3954,3661,4287,898,886,849,910,4653,4625,4525,4698,3911,3942,3655,4260,packetLoss,1.50%,3,0.52,0.81,2100.489,0.76,3097.039,0.53,5630.801537,0.11,1713.247,1,0.0009662272135,209,169
0,2021-11-15T16:17:52+00:00,https://www.whatsapp.com/,3g,560,560,560,560,449,476,442,538,910,885,776,970,789,768,673,842,2158,2120,2007,2196,903,878,769,963,packetLoss,0.60%,3,0.85,0.64,2612.309,0.57,3739.304,0.97,2612.309,1,0,1,0,60,3
0,2021-11-15T16:25:07+00:00,https://www.glassdoor.com/,3g,1144,1144,1144,1144,1854,2366,1117,4128,7518,7275,5463,8845,2242,2845,1507,4787,10074,10552,9697,11885,7471,7230,5420,8799,packetLoss,0.60%,3,0.15,0.29,3757.557,0,10596.4525,0.02,13231.96696,0,14028,0.81,0.131700609,198,105
0,2021-11-15T16:21:09+00:00,https://www.forbes.com/,3g,1983,1986,1983,1991,47,48,42,55,4074,4011,3809,4149,258,260,257,266,9716,9785,9707,9931,4047,3984,3788,4117,packetLoss,0.60%,3,0.88,0.76,2270.628,0.75,3108.3605,0.96,2812.832431,0.96,135.5,1,0.006669022136,529,14
0,2021-11-15T16:14:55+00:00,https://www.canva.com/,3g,4254,4254,4254,4254,559,597,547,684,3859,5133,3684,7857,876,931,851,1065,4189,7153,4095,13175,3855,5129,3679,7853,packetLoss,0.60%,3,0.51,0.79,2185.936,0.73,3179.675,0.5,5803.046378,0.1,1790,1,0.0009662272135,234,139