,timestamp,url,profile,domElements_median,domElements_mean,domElements_min,domElements_max,ttfb_median,ttfb_mean,ttfb_min,ttfb_max,loadEventEnd_median,loadEventEnd_mean,loadEventEnd_min,loadEventEnd_max,firstPaint_median,firstPaint_mean,firstPaint_min,firstPaint_max,fullyLoaded_median,fullyLoaded_mean,fullyLoaded_min,fullyLoaded_max,domComplete_median,domComplete_mean,domComplete_min,domComplete_max,throttleType,throttleparameter,httpVersion,lighthouse_performance,first-contentful-paint_score,first-contentful-paint_numericValue,largest-contentful-paint_score,largest-contentful-paint_numericValue,speed-index_score,speed-index_numericValue,total-blocking-time_score,total-blocking-time_numericValue,cumulative-layout-shift_score,cumulative-layout-shift_numericValue
0,2021-11-22T06:36:40+00:00,https://www.instagram.com/,3g,323,323,323,323,301,409,288,638,1007,1077,933,1291,440,505,348,727,2447,2521,2381,2736,1004,1075,932,1290,packetLoss,0.15%,2,0.7,0.89,1851.274,0.01,10026.842,0.99,2196.684536,1,0,0.94,0.08203125
0,2021-11-22T06:39:32+00:00,https://www.vk.com/,3g,310,281,222,310,1119,1149,1093,1236,5269,5218,4773,5612,4277,4265,3746,4773,5833,5693,5338,5907,5238,5194,4735,5610,packetLoss,0.15%,2,0.46,0,14939.217,0,15090.612,0.01,14939.217,1,0,1,0
0,2021-11-22T06:31:06+00:00,https://www.facebook.com/,3g,264,264,264,264,349,353,295,414,783,808,737,904,561,576,500,667,2040,2036,1945,2124,776,801,730,898,packetLoss,0.15%,2,0.79,0.3,3681.729,0.55,3831.729,0.86,3681.729,1,0,1,0.02756183624
0,2021-11-22T06:33:46+00:00,https://www.youtube.com/,3g,8809,8792,8747,8821,59,60,55,65,2714,2722,2700,2751,251,255,235,279,3865,3886,3849,3945,2713,2720,2698,2749,packetLoss,0.15%,2,0.49,0.17,4375.05,0.03,8152.975,0.75,4375.05,0.66,425.5,0.99,0.04016113281
0,2021-11-22T06:28:26+00:00,https://www.google.com/,3g,210,210,210,210,397,396,383,407,862,917,815,1073,595,665,574,827,1202,1338,1143,1669,856,911,809,1068,packetLoss,0.15%,2,0.77,0.89,1846.431,0.98,1846.431,0.92,3213.221029,0.42,720,0.99,0.04221191406
0,2021-11-22T06:51:17+00:00,https://www.instagram.com/,3g,323,323,323,323,364,432,294,639,1001,1081,942,1300,442,512,372,722,2439,2528,2397,2749,1000,1079,940,1298,packetLoss,0.30%,2,0.7,0.88,1860.908,0.01,10088.416,0.99,2211.364052,1,0,0.94,0.08203125
0,2021-11-22T06:54:11+00:00,https://www.vk.com/,3g,228,253,222,310,1096,1154,1086,1281,5270,5237,5123,5317,4359,4281,4112,4373,5538,5612,5497,5802,5269,5226,5094,5316,packetLoss,0.30%,2,0.46,0,15144.49,0,15279.075,0.01,15144.49,1,0,1,0
0,2021-11-22T06:45:37+00:00,https://www.facebook.com/,3g,264,264,264,264,265,324,260,447,703,759,695,879,478,529,460,650,1897,1951,1877,2078,696,752,689,872,packetLoss,0.30%,2,0.79,0.29,3738.368,0.53,3888.368,0.85,3738.368,1,0,1,0.02756183624
0,2021-11-22T06:48:21+00:00,https://www.youtube.com/,3g,8839,8836,8829,8840,58,57,51,61,2657,3515,2608,5281,245,244,227,261,4414,4512,3759,5364,2656,3513,2607,5275,packetLoss,0.30%,2,0.48,0.16,4457.329,0.04,7747.534,0.59,5275.175554,0.65,433.5,1,0.01672668457
0,2021-11-22T06:42:57+00:00,https://www.google.com/,3g,210,210,210,211,391,368,320,392,867,934,845,1089,626,678,579,828,1185,1341,1157,1681,861,928,840,1083,packetLoss,0.30%,2,0.78,0.89,1850.862,0.98,1850.862,0.92,3193.344038,0.45,675,0.99,0.04221191406
0,2021-11-22T08:33:39+00:00,https://www.instagram.com/,3g,323,323,323,323,646,645,642,646,1371,1470,1271,1769,715,742,702,809,2816,2918,2709,3230,1369,1468,1269,1767,packetLoss,1.35%,2,0.7,0.89,1851.938,0.01,10021.941,0.99,2242.529644,1,0,0.94,0.08203125
0,2021-11-22T08:36:39+00:00,https://www.vk.com/,3g,310,310,310,310,1121,1159,1101,1256,5169,5210,5072,5388,4160,4141,3887,4376,5732,5782,5660,5954,5129,5178,5046,5360,packetLoss,1.35%,2,0.46,0,15148.999,0,15351.864,0.01,15148.999,1,0,1,0
0,2021-11-22T08:27:58+00:00,https://www.facebook.com/,3g,264,264,264,264,263,307,252,405,736,767,713,852,476,526,475,628,1901,1939,1898,2018,728,760,707,846,packetLoss,1.35%,2,0.79,0.29,3744.624,0.53,3894.624,0.85,3744.624,1,0,1,0.02756183624
0,2021-11-22T08:30:42+00:00,https://www.youtube.com/,3g,8822,8820,8810,8827,48,48,47,50,2672,2681,2669,2702,244,245,228,262,3814,3938,3714,4287,2670,2679,2667,2700,packetLoss,1.35%,2,0.46,0.14,4613.046,0.02,8844.08,0.66,4888.423149,0.62,465.5,1,0.01672668457
0,2021-11-22T08:25:09+00:00,https://www.google.com/,3g,210,210,210,210,255,298,250,389,722,810,639,1070,439,547,377,826,948,1070,862,1400,716,805,634,1064,packetLoss,1.35%,2,0.77,0.89,1847.748,0.98,1847.748,0.92,3175.043503,0.42,707.2875,0.99,0.04221191406
0,2021-11-22T08:18:44+00:00,https://www.instagram.com/,3g,323,323,323,323,690,712,680,767,1364,1372,1329,1422,757,781,744,842,2803,2824,2788,2880,1363,1370,1327,1421,packetLoss,1.20%,2,0.7,0.89,1849.087,0.01,10032.234,0.99,2213.657362,1,0,0.94,0.08203125
0,2021-11-22T08:21:38+00:00,https://www.vk.com/,3g,310,281,222,310,1271,1200,1056,1273,5040,5039,4888,5188,4051,4061,3902,4229,5537,5551,5408,5708,5017,5023,4865,5187,packetLoss,1.20%,2,0.46,0,15146.784,0,15284.651,0.01,15146.784,1,0,1,0
0,2021-11-22T08:13:04+00:00,https://www.facebook.com/,3g,264,264,264,264,252,252,247,257,704,708,694,727,460,468,457,487,1899,1906,1882,1938,696,701,688,720,packetLoss,1.20%,2,0.79,0.3,3713.215,0.54,3863.215,0.86,3713.215,1,0,1,0.02756183624
0,2021-11-22T08:15:46+00:00,https://www.youtube.com/,3g,8809,8323,7338,8821,53,56,53,61,2660,2653,2390,2910,245,250,244,262,3964,3966,3770,4163,2658,2652,2389,2908,packetLoss,1.20%,2,0.46,0.16,4476.818,0.04,7588.873,0.57,5381.42985,0.6,479.385,1,0.01672668457
0,2021-11-22T08:10:20+00:00,https://www.google.com/,3g,210,210,210,210,262,246,82,394,813,798,485,1096,544,521,194,826,1038,1064,711,1444,806,792,479,1090,packetLoss,1.20%,2,0.8,0.89,1845.982,0.98,1845.982,0.95,2950.954525,0.48,630,0.99,0.04221191406
0,2021-11-22T08:03:52+00:00,https://www.instagram.com/,3g,323,323,323,323,687,802,682,1038,1349,1484,1341,1763,767,876,762,1100,2792,2926,2792,3194,1348,1483,1339,1761,packetLoss,1.05%,2,0.7,0.89,1850.472,0.01,10037.541,0.99,2189.564364,1,0,0.94,0.08203125
0,2021-11-22T08:06:58+00:00,https://www.vk.com/,3g,228,255,228,310,1091,1117,1037,1222,4811,4937,4772,5227,3846,3983,3810,4292,5385,5269,4982,5441,4787,4928,4772,5226,packetLoss,1.05%,2,0.46,0,15014.223,0,15236.798,0.01,15014.223,1,0,1,0
0,2021-11-22T07:58:08+00:00,https://www.facebook.com/,3g,264,265,264,266,265,265,263,267,706,713,704,729,478,476,461,488,1928,1913,1866,1944,700,706,697,722,packetLoss,1.05%,2,0.79,0.29,3735.816,0.53,3885.816,0.85,3735.816,1,0,1,0.02756183624
0,2021-11-22T08:00:52+00:00,https://www.youtube.com/,3g,8830,8831,8811,8852,58,65,53,84,2816,2836,2802,2889,247,256,244,277,3939,4259,3834,5005,2814,2834,2800,2887,packetLoss,1.05%,2,0.44,0.13,4675.195,0.02,8780.259,0.7,4675.195,0.55,540.766,0.99,0.04016113281
0,2021-11-22T07:55:27+00:00,https://www.google.com/,3g,210,210,210,210,359,335,259,386,807,892,761,1108,530,622,492,843,1101,1269,1040,1665,800,886,755,1103,packetLoss,1.05%,2,0.77,0.88,1886.948,0.98,1886.948,0.83,3882.526549,0.44,687.5,0.99,0.04221191406
0,2021-11-22T07:05:44+00:00,https://www.instagram.com/,3g,323,324,323,325,290,290,289,290,933,938,925,955,353,360,350,376,2383,2388,2367,2413,931,936,923,953,packetLoss,0.45%,2,0.7,0.89,1857.71,0,10867.34,0.99,2206.307888,1,0,0.94,0.08203125
0,2021-11-22T07:08:39+00:00,https://www.vk.com/,3g,310,310,310,310,1090,1073,1032,1098,5138,5063,4896,5155,4124,4037,3862,4125,5950,5864,5671,5971,5113,5039,4872,5131,packetLoss,0.45%,2,0.46,0,15152.433,0,15301.759,0.01,15152.433,1,0,1,0
0,2021-11-22T07:00:07+00:00,https://www.facebook.com/,3g,264,264,264,264,247,256,242,280,697,701,690,717,461,465,461,474,1907,1940,1859,2055,690,694,683,710,packetLoss,0.45%,2,0.79,0.29,3723.372,0.53,3873.372,0.85,3723.372,1,0,1,0.02756183624
0,2021-11-22T07:02:48+00:00,https://www.youtube.com/,3g,8820,8781,8667,8856,56,60,50,74,2683,2712,2680,2772,244,256,229,296,4706,5749,3705,8836,2681,2710,2679,2771,packetLoss,0.45%,2,0.44,0.16,4458.135,0.02,8541.477,0.62,5120.941746,0.54,546.692,1,0.03345336914
0,2021-11-22T06:57:31+00:00,https://www.google.com/,3g,210,210,210,210,392,377,334,405,1080,1005,834,1101,826,738,560,827,1420,1392,1313,1444,1075,999,828,1095,packetLoss,0.45%,2,0.76,0.89,1850.795,0.98,1850.795,0.85,3750.834823,0.41,735,0.99,0.04221191406
0,2021-11-22T08:48:28+00:00,https://www.instagram.com/,3g,323,323,323,323,661,659,653,663,1297,1311,1285,1350,733,733,727,739,2786,2776,2754,2787,1295,1309,1284,1349,packetLoss,1.50%,2,0.7,0.89,1848.703,0.01,10037.362,0.99,2273.431642,1,0,0.94,0.08203125
0,2021-11-22T08:51:31+00:00,https://www.vk.com/,3g,310,283,228,310,1215,1202,1102,1289,5201,5087,4689,5371,4076,4080,3786,4377,5417,5532,5251,5929,5200,5058,4646,5329,packetLoss,1.50%,2,0.46,0,14933.4185,0,15088.721,0.01,14933.4185,1,0,1,0
0,2021-11-22T08:42:48+00:00,https://www.facebook.com/,3g,264,264,264,264,247,253,246,267,703,705,699,713,461,466,461,477,1886,1881,1854,1903,697,698,692,706,packetLoss,1.50%,2,0.79,0.29,3727.91,0.53,3877.91,0.85,3727.91,1,0,1,0.02756183624
0,2021-11-22T08:45:31+00:00,https://www.youtube.com/,3g,8838,8841,8836,8849,50,51,49,53,2659,2660,2594,2727,244,248,244,256,3783,4029,3704,4601,2655,2657,2592,2724,packetLoss,1.50%,2,0.48,0.18,4336.593,0.02,8566.051,0.69,4684.215547,0.66,420.5,1,0
0,2021-11-22T08:40:06+00:00,https://www.google.com/,3g,210,211,210,214,293,317,260,398,837,827,770,875,543,538,509,562,1086,1085,997,1172,831,821,764,868,packetLoss,1.50%,2,0.75,0.89,1848.578,0.98,1848.578,0.89,3485.665135,0.35,829,0.99,0.04221191406
0,2021-11-22T07:20:24+00:00,https://www.instagram.com/,3g,323,323,323,323,289,413,283,668,923,1041,909,1291,372,497,367,752,2372,2489,2353,2742,922,1040,908,1289,packetLoss,0.60%,2,0.7,0.89,1852.231,0.01,10031.297,0.99,2158.434186,1,0,0.94,0.08203125
0,2021-11-22T07:23:20+00:00,https://www.vk.com/,3g,310,283,228,310,1285,1224,1098,1288,4981,6653,4692,10287,3984,4016,3761,4302,5785,7191,4920,10869,4958,6628,4689,10237,packetLoss,0.60%,2,0.46,0,14978.1375,0,15121.802,0.01,14978.1375,1,0,1,0
0,2021-11-22T07:14:46+00:00,https://www.facebook.com/,3g,264,264,264,264,247,253,247,264,727,757,700,843,492,522,463,610,1923,1964,1883,2085,720,750,693,837,packetLoss,0.60%,2,0.79,0.29,3736.683,0.53,3886.683,0.85,3736.683,1,0,1,0.02756183624
0,2021-11-22T07:17:28+00:00,https://www.youtube.com/,3g,8790,8761,8659,8835,48,48,45,52,2708,2703,2673,2729,245,246,230,263,3713,3780,3709,3918,2706,2701,2671,2727,packetLoss,0.60%,2,0.46,0.18,4341.728,0.01,9285.841,0.62,5105.405711,0.61,472,1,0.01672668457
0,2021-11-22T07:12:03+00:00,https://www.google.com/,3g,210,210,210,210,399,498,292,803,1073,1083,677,1499,829,828,428,1226,1683,1492,950,1842,1067,1077,671,1494,packetLoss,0.60%,2,0.77,0.89,1846.845,0.98,1846.845,0.89,3446.35683,0.42,718,0.99,0.04221191406
0,2021-11-22T07:34:53+00:00,https://www.instagram.com/,3g,323,323,323,323,604,519,323,630,1265,1159,942,1271,663,587,400,697,2666,2593,2394,2718,1263,1157,940,1269,packetLoss,0.75%,2,0.71,0.99,1233.885,0.01,10026.363,1,1773.477594,1,0,0.94,0.08203125
0,2021-11-22T07:37:43+00:00,https://www.vk.com/,3g,310,283,228,310,1101,1164,1098,1292,5156,5040,4621,5344,4161,4104,3749,4402,5716,5497,4846,5929,5106,5015,4619,5320,packetLoss,0.75%,2,0.46,0,14926.2135,0,15009.798,0.01,14926.2135,1,0,1,0
0,2021-11-22T07:29:18+00:00,https://www.facebook.com/,3g,264,264,264,264,264,272,247,305,698,707,675,748,477,477,443,511,1919,1926,1903,1957,691,700,668,741,packetLoss,0.75%,2,0.79,0.29,3734.598,0.53,3884.598,0.85,3734.598,1,0,1,0.02756183624
0,2021-11-22T07:31:58+00:00,https://www.youtube.com/,3g,8812,8810,8760,8859,53,51,46,54,2664,2620,2490,2705,228,298,224,443,4303,4106,3703,4313,2662,2618,2488,2703,packetLoss,0.75%,2,0.44,0.17,4393.7695,0.04,7553.913,0.6,5205.121535,0.54,545.5,1,0.03345336914
0,2021-11-22T07:26:38+00:00,https://www.google.com/,3g,210,210,210,210,378,379,324,434,942,932,788,1065,690,675,528,806,1219,1259,1119,1440,935,925,783,1058,packetLoss,0.75%,2,0.79,0.89,1849.571,0.98,1849.571,0.9,3409.813448,0.47,639,0.99,0.04221191406
0,2021-11-22T06:22:10+00:00,https://www.instagram.com/,3g,323,323,323,323,618,634,586,698,1342,1304,1221,1350,698,708,647,779,2785,2747,2668,2788,1340,1303,1219,1349,packetLoss,0%,2,0.7,0.89,1850.794,0.01,10026.362,0.99,2271.738316,1,0,0.94,0.08203125
0,2021-11-22T06:25:03+00:00,https://www.vk.com/,3g,310,283,228,310,1267,1232,1093,1335,5702,5928,5143,6938,4671,4929,4116,5999,6278,6381,5713,7153,5678,5912,5119,6938,packetLoss,0%,2,0.46,0,14770.358,0,15100.511,0.01,14770.358,1,0,1,0
0,2021-11-22T06:16:25+00:00,https://www.facebook.com/,3g,264,264,264,264,266,268,259,280,714,715,707,724,493,494,462,528,1926,1941,1913,1984,708,708,698,717,packetLoss,0%,2,0.81,0.42,3254.471,0.54,3870.699,0.92,3254.471,1,0,1,0.02756183624
0,2021-11-22T06:19:10+00:00,https://www.youtube.com/,3g,8828,8841,8820,8874,53,54,51,58,2772,2931,2756,3264,428,390,264,479,4287,4259,3762,4728,2770,2929,2755,3263,packetLoss,0%,2,0.45,0.13,4671.415,0.03,7782.269,0.59,5251.325618,0.58,500.7145,1,0.01672668457
0,2021-11-22T06:13:40+00:00,https://www.google.com/,3g,210,210,210,210,324,323,307,337,736,734,699,766,463,471,446,504,1023,1021,973,1067,727,726,694,758,packetLoss,0%,2,0.75,0.89,1855.319,0.98,1855.319,0.89,3451.643562,0.35,836,0.99,0.04221191406
0,2021-11-22T07:49:12+00:00,https://www.instagram.com/,3g,323,323,323,323,657,754,601,1003,1336,1459,1280,1762,712,826,681,1085,2788,2976,2739,3401,1334,1458,1279,1760,packetLoss,0.90%,2,0.71,0.99,1081.121,0.01,10042.527,1,1668.77733,1,0,0.94,0.08203125
0,2021-11-22T07:52:05+00:00,https://www.vk.com/,3g,310,310,310,310,1276,1224,1095,1300,5172,5110,4904,5254,4196,4126,3944,4238,5744,5754,5699,5818,5147,5086,4881,5229,packetLoss,0.90%,2,0.46,0,14932.13,0,15165.624,0.01,14932.13,1,0,1,0
0,2021-11-22T07:43:39+00:00,https://www.facebook.com/,3g,264,264,264,264,279,285,258,319,728,727,688,764,497,494,460,526,1931,1918,1863,1960,721,720,682,757,packetLoss,0.90%,2,0.8,0.31,3660.954,0.55,3810.954,0.86,3660.954,1,0,1,0.02756183624
0,2021-11-22T07:46:19+00:00,https://www.youtube.com/,3g,8831,8837,8820,8859,49,51,48,55,2650,2663,2591,2747,246,312,227,463,3755,4045,3728,4652,2649,2661,2589,2746,packetLoss,0.90%,2,0.46,0.16,4464.974,0.04,7686.4215,0.54,5551.610674,0.61,473.9655,1,0.01672668457
0,2021-11-22T07:41:00+00:00,https://www.google.com/,3g,210,210,210,210,371,363,302,417,891,899,782,1023,645,650,528,777,1269,1338,1122,1623,885,893,777,1017,packetLoss,0.90%,2,0.79,0.89,1848.17,0.98,1848.17,0.9,3425.071483,0.48,621,0.99,0.04221191406
0,2021-11-22T06:38:01+00:00,https://www.instagram.com/,3g,323,323,323,323,294,330,285,412,1017,1023,981,1070,431,440,400,488,2445,2460,2427,2507,1015,1021,979,1069,packetLoss,0.15%,3,0.7,0.89,1858.147,0.01,10065.727,0.99,2220.566626,1,0,0.94,0.08203125
0,2021-11-22T06:41:19+00:00,https://www.vk.com/,3g,310,310,310,310,1287,1274,1233,1302,5066,6551,4768,9818,3804,3807,3754,3862,5668,7157,5343,10460,5042,6525,4743,9790,packetLoss,0.15%,3,0.46,0,14758.3855,0,14943.571,0.01,14758.3855,1,0,1,0
0,2021-11-22T06:32:24+00:00,https://www.facebook.com/,3g,264,264,264,264,257,278,255,322,721,768,700,884,462,512,462,612,1909,1945,1880,2047,713,761,694,877,packetLoss,0.15%,3,0.79,0.29,3735.747,0.53,3885.747,0.85,3735.747,1,0,1,0.02756183624
0,2021-11-22T06:35:14+00:00,https://www.youtube.com/,3g,8758,8468,7795,8851,54,54,50,59,2765,2698,2552,2778,252,256,244,273,3764,3722,3622,3781,2763,2696,2550,2776,packetLoss,0.15%,3,0.49,0.19,4243.4335,0.04,7680.7585,0.75,4384.439264,0.65,435,1,0.01672668457
0,2021-11-22T06:29:46+00:00,https://www.google.com/,3g,210,210,210,210,542,483,355,551,1024,979,838,1074,743,705,578,794,1285,1248,1118,1340,1019,973,832,1068,packetLoss,0.15%,3,0.78,0.89,1849.658,0.98,1849.658,0.9,3363.048848,0.46,658,0.99,0.04221191406
0,2021-11-22T06:52:39+00:00,https://www.instagram.com/,3g,323,323,323,323,282,289,282,303,951,951,942,959,368,370,363,378,2394,2399,2391,2412,950,949,941,957,packetLoss,0.30%,3,0.7,0.89,1847.068,0.01,10019.88,0.99,2165.186208,1,0,0.94,0.08203125
0,2021-11-22T06:55:53+00:00,https://www.vk.com/,3g,310,310,310,310,1285,1239,1131,1300,5033,5033,4782,5284,4013,3959,3782,4083,5642,5623,5360,5867,5006,5003,4743,5260,packetLoss,0.30%,3,0.46,0,14914.538,0,15148.9665,0.01,14914.538,1,0,1,0
0,2021-11-22T06:46:55+00:00,https://www.facebook.com/,3g,264,264,264,264,261,262,258,266,712,721,706,745,462,483,459,528,1887,1901,1880,1936,705,714,699,739,packetLoss,0.30%,3,0.79,0.29,3719.914,0.54,3869.914,0.86,3719.914,1,0,1,0.02756183624
0,2021-11-22T06:49:49+00:00,https://www.youtube.com/,3g,8873,8870,8829,8909,50,51,48,55,2810,2835,2696,3000,260,266,246,291,3860,4186,3789,4910,2808,2833,2694,2996,packetLoss,0.30%,3,0.46,0.14,4630.702,0.03,7866.087,0.6,5233.76002,0.63,450,1,0.03345336914
0,2021-11-22T06:44:17+00:00,https://www.google.com/,3g,210,210,210,210,408,487,405,648,1081,1425,1079,2115,826,857,819,927,1699,1939,1677,2440,1075,1414,1073,2095,packetLoss,0.30%,3,0.79,0.89,1850.277,0.98,1850.277,0.91,3344.354551,0.48,631,0.99,0.04221191406
0,2021-11-22T08:35:09+00:00,https://www.instagram.com/,3g,323,323,323,323,669,718,656,830,1347,1396,1293,1547,738,788,729,896,2808,2848,2742,2994,1345,1394,1292,1545,packetLoss,1.35%,3,0.7,0.89,1851.99,0.01,10050.401,0.99,2186.417788,1,0,0.94,0.08203125
0,2021-11-22T08:38:23+00:00,https://www.vk.com/,3g,310,310,310,310,1096,1130,1079,1214,4970,6465,4943,9482,3943,3835,3568,3993,5732,7105,5517,10066,4945,6432,4919,9431,packetLoss,1.35%,3,0.46,0,14813.296,0,14979.202,0.01,14813.296,1,0,1,0
0,2021-11-22T08:29:19+00:00,https://www.facebook.com/,3g,264,264,264,264,269,265,254,272,747,743,699,782,496,488,459,510,1952,1958,1920,2003,740,735,692,774,packetLoss,1.35%,3,0.79,0.29,3720.01,0.54,3870.01,0.85,3720.01,1,0,1,0
0,2021-11-22T08:32:11+00:00,https://www.youtube.com/,3g,8831,8813,8769,8839,51,53,50,57,2705,2774,2703,2914,267,275,263,294,5166,4911,3811,5756,2704,2773,2702,2912,packetLoss,1.35%,3,0.39,0.16,4478.026,0.03,8152.0835,0.42,6293.567049,0.44,679,1,0
0,2021-11-22T08:26:29+00:00,https://www.google.com/,3g,210,210,210,210,638,520,261,661,1352,2662,640,5993,828,687,336,896,1569,3060,1272,6338,1342,2654,634,5985,packetLoss,1.35%,3,0.76,0.89,1847.319,0.98,1847.319,0.88,3543.716156,0.38,781,0.99,0.04221191406
0,2021-11-22T08:20:09+00:00,https://www.instagram.com/,3g,323,261,137,323,703,703,650,755,1311,1269,1000,1495,764,774,712,847,2760,2346,1341,2938,1309,1267,998,1493,packetLoss,1.20%,3,0.68,0.8,2156.947,0,11281.408,0.98,2510.612286,1,0,0.94,0.08203125
0,2021-11-22T08:23:32+00:00,https://www.vk.com/,3g,310,283,228,310,1098,1099,1096,1102,4633,4625,4601,4640,3677,3675,3594,3754,5177,5078,4870,5188,4609,4607,4576,4637,packetLoss,1.20%,3,0.46,0,14778.4355,0,15014.894,0.01,14778.4355,1,0,1,0
0,2021-11-22T08:14:23+00:00,https://www.facebook.com/,3g,264,264,264,264,282,322,257,428,767,807,752,902,494,539,479,644,1965,2021,1949,2149,758,799,744,895,packetLoss,1.20%,3,0.79,0.29,3720.793,0.54,3870.793,0.85,3720.793,1,0,1,0.02756183624
0,2021-11-22T08:17:15+00:00,https://www.youtube.com/,3g,8886,8869,8812,8910,51,51,50,53,2792,2864,2692,3108,263,266,259,277,4362,4427,4076,4843,2789,2862,2690,3106,packetLoss,1.20%,3,0.47,0.14,4631.952,0.01,8982.561,0.56,5459.302885,0.67,412.5,1,0.01672668457
0,2021-11-22T08:11:44+00:00,https://www.google.com/,3g,210,210,210,210,411,399,368,419,1094,1752,759,3402,826,728,496,861,1698,2176,1082,3748,1088,1741,753,3383,packetLoss,1.20%,3,0.78,0.89,1850.309,0.98,1850.309,0.92,3181.682552,0.45,667,0.99,0.04221191406
0,2021-11-22T08:05:26+00:00,https://www.instagram.com/,3g,323,323,323,323,2567,2827,322,5593,3232,3484,976,6243,2645,2899,388,5665,4686,4939,2435,7696,3230,3482,975,6242,packetLoss,1.05%,3,0.7,0.89,1853.088,0.01,10051.181,0.99,2221.318564,1,0,0.94,0.08203125
0,2021-11-22T08:08:42+00:00,https://www.vk.com/,3g,310,310,310,310,1106,1164,1103,1284,4710,4874,4617,5295,3744,3878,3594,4295,5651,5652,5212,6093,4668,4844,4593,5270,packetLoss,1.05%,3,0.46,0,14926.469,0,15233.037,0.01,14926.469,1,0,1,0
0,2021-11-22T07:59:29+00:00,https://www.facebook.com/,3g,264,264,264,264,273,274,270,279,746,759,715,815,478,493,476,526,1920,1925,1885,1971,738,751,708,808,packetLoss,1.05%,3,0.79,0.3,3707.28,0.54,3857.28,0.86,3707.28,1,0,1,0.02756183624
0,2021-11-22T08:02:24+00:00,https://www.youtube.com/,3g,8830,8778,8657,8848,51,49,45,52,2779,2853,2765,3015,260,263,244,286,3933,4001,3814,4256,2778,2851,2763,3013,packetLoss,1.05%,3,0.45,0.17,4420.957,0.02,8839.575,0.51,5729.704884,0.6,479.584,1,0.01672668457
0,2021-11-22T07:56:47+00:00,https://www.google.com/,3g,210,210,210,210,406,412,399,430,1068,1070,1048,1094,776,726,592,809,1400,1495,1392,1694,1061,1064,1042,1088,packetLoss,1.05%,3,0.76,0.89,1847.48,0.98,1847.48,0.86,3666.767938,0.4,752,0.99,0.04221191406
0,2021-11-22T07:07:11+00:00,https://www.instagram.com/,3g,323,323,323,323,303,420,281,676,981,1094,944,1356,365,501,347,791,2446,2546,2385,2807,979,1092,943,1355,packetLoss,0.45%,3,0.7,0.89,1851.798,0.01,10026.942,0.99,2223.119932,1,0,0.94,0.08203125
0,2021-11-22T07:10:24+00:00,https://www.vk.com/,3g,310,310,310,310,1246,1247,1222,1274,5157,5231,5152,5383,4129,4162,3960,4398,5733,5886,5712,6213,5132,5199,5124,5342,packetLoss,0.45%,3,0.46,0,15099.619,0,15238.74,0.01,15099.619,1,0,1,0
0,2021-11-22T07:01:26+00:00,https://www.facebook.com/,3g,264,264,264,264,257,257,254,259,707,708,695,721,464,467,460,478,1909,1900,1846,1946,700,701,687,715,packetLoss,0.45%,3,0.79,0.3,3701.472,0.54,3851.472,0.86,3701.472,1,0,1,0.02756183624
0,2021-11-22T07:04:17+00:00,https://www.youtube.com/,3g,8800,8766,8658,8840,52,53,50,56,2798,2775,2713,2813,260,268,259,286,3945,4107,3802,4573,2796,2773,2710,2812,packetLoss,0.45%,3,0.44,0.16,4480.979,0.03,7823.566,0.5,5811.259146,0.56,522.463,1,0.01672668457
0,2021-11-22T06:58:49+00:00,https://www.google.com/,3g,210,210,210,210,344,354,326,393,828,850,799,923,548,567,509,645,1120,1129,1079,1189,822,844,793,918,packetLoss,0.45%,3,0.77,0.89,1848.71,0.98,1848.71,0.9,3355.44062,0.4,753,0.99,0.04221191406
0,2021-11-22T08:49:54+00:00,https://www.instagram.com/,3g,323,261,137,323,900,1126,635,1842,1591,1682,938,2518,964,1192,714,1898,3039,2738,1203,3973,1588,1680,936,2516,packetLoss,1.50%,3,0.7,0.89,1848.252,0.01,10025.516,0.99,2261.615148,1,0,0.94,0.08203125
0,2021-11-22T08:53:13+00:00,https://www.vk.com/,3g,310,310,310,310,1117,1143,1094,1219,4693,4777,4660,4978,3726,3799,3709,3961,5259,5354,5245,5558,4668,4753,4636,4954,packetLoss,1.50%,3,0.46,0,15122.7915,0,15327.84,0.01,15122.7915,1,0,1,0
0,2021-11-22T08:44:08+00:00,https://www.facebook.com/,3g,264,264,264,264,261,265,256,278,738,772,708,869,476,520,475,609,1933,1936,1880,1994,730,763,699,860,packetLoss,1.50%,3,0.79,0.29,3729.702,0.53,3879.702,0.85,3729.702,1,0,1,0.02756183624
0,2021-11-22T08:47:01+00:00,https://www.youtube.com/,3g,8807,8819,8802,8848,52,52,52,52,2721,2704,2649,2743,259,260,244,277,3881,4111,3823,4629,2720,2702,2646,2740,packetLoss,1.50%,3,0.44,0.16,4485.352,0.02,8376.783,0.72,4536.658081,0.52,570.205,1,0.02343444824
0,2021-11-22T08:41:29+00:00,https://www.google.com/,3g,210,210,210,211,395,367,275,431,882,928,836,1065,566,635,542,797,1199,1223,1027,1444,876,922,830,1059,packetLoss,1.50%,3,0.78,0.89,1849.341,0.98,1849.341,0.87,3637.05697,0.44,686,0.99,0.04221191406
0,2021-11-22T07:21:45+00:00,https://www.instagram.com/,3g,323,323,323,323,625,615,294,926,1282,1286,954,1623,696,687,349,1015,2734,2736,2401,3073,1281,1285,952,1622,packetLoss,0.60%,3,0.7,0.91,1774.996,0,10814.4,0.99,2316.547736,1,0,0.94,0.08203125
0,2021-11-22T07:25:02+00:00,https://www.vk.com/,3g,310,310,310,310,1100,1137,1033,1277,4712,4753,4702,4844,3759,3782,3727,3859,5288,5330,5285,5416,4678,4722,4669,4820,packetLoss,0.60%,3,0.46,0,14983.266,0,15224.601,0.01,14983.266,1,0,1,0
0,2021-11-22T07:16:06+00:00,https://www.facebook.com/,3g,264,264,264,264,266,273,252,300,728,735,717,761,494,489,462,510,1994,1966,1880,2024,721,728,710,754,packetLoss,0.60%,3,0.79,0.3,3699.806,0.54,3849.806,0.86,3699.806,1,0,1,0.02756183624
0,2021-11-22T07:18:57+00:00,https://www.youtube.com/,3g,8885,8878,8860,8890,53,55,49,64,2864,2833,2771,2865,278,284,263,311,4410,4300,4012,4479,2863,2832,2770,2864,packetLoss,0.60%,3,0.46,0.16,4447.895,0.04,7727.15,0.52,5703.775152,0.61,473.739,1,0.01672668457
0,2021-11-22T07:13:22+00:00,https://www.google.com/,3g,210,210,210,210,398,825,316,1760,2674,2363,912,3502,826,1205,627,2161,3023,2679,1165,3848,2658,2349,907,3483,packetLoss,0.60%,3,0.76,0.89,1850.125,0.98,1850.125,0.89,3485.463116,0.4,743,0.99,0.04221191406
0,2021-11-22T07:36:16+00:00,https://www.instagram.com/,3g,323,323,323,323,282,280,274,283,935,936,917,955,348,347,344,348,2397,2392,2368,2411,933,934,915,953,packetLoss,0.75%,3,0.7,0.89,1853.454,0.01,10047.996,0.99,2217.0061,1,0,0.94,0.08203125
0,2021-11-22T07:39:24+00:00,https://www.vk.com/,3g,310,310,310,310,1097,1099,1095,1105,4588,4630,4536,4766,3637,3676,3595,3797,5170,5223,5140,5358,4545,4586,4496,4718,packetLoss,0.75%,3,0.46,0,15103.6135,0,15255.858,0.01,15103.6135,1,0,1,0
0,2021-11-22T07:30:37+00:00,https://www.facebook.com/,3g,264,264,264,264,269,266,258,270,726,722,711,729,477,476,472,479,1948,1930,1886,1955,720,715,704,722,packetLoss,0.75%,3,0.79,0.3,3711.274,0.54,3861.274,0.86,3711.274,1,0,1,0.02756183624
0,2021-11-22T07:33:27+00:00,https://www.youtube.com/,3g,8842,8857,8812,8917,51,52,50,56,2613,2644,2602,2716,245,244,227,261,4450,4234,3606,4645,2610,2641,2600,2714,packetLoss,0.75%,3,0.42,0.13,4715.816,0.03,7827.112,0.66,4888.087017,0.47,635.4225,1,0.01672668457
0,2021-11-22T07:27:56+00:00,https://www.google.com/,3g,210,210,210,211,412,848,392,1739,1266,1590,1094,2411,844,1182,560,2143,1694,1974,1689,2538,1246,1580,1089,2405,packetLoss,0.75%,3,0.78,0.89,1846.66,0.98,1846.66,0.92,3252.335986,0.44,678.5,0.99,0.04221191406
0,2021-11-22T06:23:34+00:00,https://www.instagram.com/,3g,323,323,323,323,290,294,290,303,1063,1030,948,1078,384,417,372,496,2469,2474,2392,2561,1062,1028,947,1076,packetLoss,0%,3,0.7,0.89,1851.509,0.01,10022.307,0.99,2253.357554,1,0,0.94,0.08203125
0,2021-11-22T06:26:45+00:00,https://www.vk.com/,3g,310,283,228,310,1117,1158,1098,1259,4918,4750,4378,4955,3774,3761,3542,3966,5486,5217,4602,5562,4893,4733,4375,4932,packetLoss,0%,3,0.46,0,14822.794,0,15017.974,0.01,14822.794,1,0,1,0
0,2021-11-22T06:17:45+00:00,https://www.facebook.com/,3g,264,264,264,264,283,292,281,311,778,781,760,806,521,514,494,527,1971,1975,1934,2020,771,773,751,798,packetLoss,0%,3,0.79,0.3,3693.351,0.54,3843.351,0.86,3693.351,1,0,1,0.02756183624
0,2021-11-22T06:20:42+00:00,https://www.youtube.com/,3g,8819,8819,8809,8828,53,62,48,85,2798,3019,2791,3469,265,281,258,321,3909,4435,3882,5513,2796,3017,2789,3467,packetLoss,0%,3,0.42,0.15,4504.341,0.02,8279.525,0.73,4504.341,0.45,669.792,1,0.02343444824
0,2021-11-22T06:15:01+00:00,https://www.google.com/,3g,210,206,199,210,345,363,341,404,1089,1003,798,1122,636,641,478,809,1467,1387,1074,1621,1081,992,792,1103,packetLoss,0%,3,0.76,0.89,1847.167,0.98,1847.167,0.88,3565.625608,0.38,777,0.99,0.04221191406
0,2021-11-22T07:50:36+00:00,https://www.instagram.com/,3g,323,323,323,323,604,502,297,604,1261,1155,937,1266,664,564,363,665,2712,2605,2381,2721,1259,1153,935,1264,packetLoss,0.90%,3,0.7,0.89,1856.072,0.01,10044.519,0.99,2308.49008,1,0,0.94,0.08203125
0,2021-11-22T07:53:50+00:00,https://www.vk.com/,3g,310,310,310,310,1097,1142,1049,1281,4987,4966,4669,5242,3842,3919,3692,4223,5820,5704,5248,6043,4963,4940,4645,5213,packetLoss,0.90%,3,0.46,0,14859.591,0,15078.283,0.01,14859.591,1,0,1,0
0,2021-11-22T07:44:58+00:00,https://www.facebook.com/,3g,264,264,264,264,274,271,266,274,780,770,732,797,478,478,477,479,1954,1952,1937,1965,774,763,726,790,packetLoss,0.90%,3,0.79,0.29,3754.472,0.53,3904.472,0.85,3754.472,1,0,1,0.02756183624
0,2021-11-22T07:47:47+00:00,https://www.youtube.com/,3g,8850,8763,8585,8853,49,52,48,58,2677,2644,2548,2707,262,256,241,264,4574,4432,3697,5026,2674,2642,2546,2705,packetLoss,0.90%,3,0.46,0.14,4580.188,0.02,8245.5435,0.71,4580.188,0.58,504,1,0.02343444824
0,2021-11-22T07:42:22+00:00,https://www.google.com/,3g,210,210,210,210,326,352,322,409,917,968,901,1087,643,695,615,827,1244,1292,1173,1459,911,961,895,1078,packetLoss,0.90%,3,0.78,0.89,1852.79,0.98,1852.79,0.87,3600.379035,0.44,678,0.99,0.04221191406
0,2021-11-22T10:13:23+00:00,https://www.glassdoor.com/,3g,1146,1146,1146,1146,1853,1976,1833,2241,5263,5329,5132,5593,2145,2251,2111,2496,8020,8142,7981,8424,5189,5251,5055,5509,packetLoss,0.15%,2,0.17,0.31,3650.173,0.02,8565.7975,0.08,10508.91399,0.01,4314,0.83,0.1247475179
0,2021-11-22T10:02:24+00:00,https://www.canva.com/,3g,4251,4252,4251,4255,558,560,545,577,6958,6009,3784,7286,877,869,850,879,12668,9749,3847,12733,6948,5999,3769,7279,packetLoss,0.15%,2,0.5,0.8,2139.044,0.75,3125.147,0.46,6028.901029,0.06,2315.5,1,0.002768866221
0,2021-11-22T10:05:53+00:00,https://www.whatsapp.com/,3g,560,560,560,560,412,428,400,473,819,815,760,865,676,683,611,762,2043,2039,1984,2090,809,806,752,856,packetLoss,0.15%,2,0.82,0.68,2486.688,0.45,4185.836,0.98,2486.688,1,0,1,0.0137546658
0,2021-11-22T10:30:36+00:00,https://www.glassdoor.com/,3g,1146,1146,1146,1146,2599,2329,1674,2714,5759,5535,4918,5928,2860,2580,1928,2953,8767,8451,7743,8842,5681,5464,4846,5866,packetLoss,0.30%,2,0.17,0.31,3659.342,0.02,8439.9935,0.07,10659.54685,0.01,4081,0.78,0.1446130371
0,2021-11-22T10:20:35+00:00,https://www.canva.com/,3g,4248,4252,4248,4259,617,610,542,670,3696,3649,3476,3774,903,910,832,996,3799,5052,3566,7791,3676,3625,3441,3757,packetLoss,0.30%,2,0.47,0.8,2153.546,0.63,3527.546,0.5,5791.203391,0.06,2325.5,1,0.002768866221
0,2021-11-22T10:23:58+00:00,https://www.whatsapp.com/,3g,560,560,560,560,405,417,393,453,758,757,728,785,610,623,599,660,1982,1979,1947,2009,750,748,720,775,packetLoss,0.30%,2,0.84,0.64,2606.145,0.51,3955.253,0.97,2606.145,1,0,1,0.0137546658
0,2021-11-22T12:41:16+00:00,https://www.glassdoor.com/,3g,1146,1146,1146,1146,1862,3502,1106,7538,5048,6690,4161,10862,2464,3995,1395,8125,9707,10646,8259,13972,4985,6620,4094,10782,packetLoss,1.35%,2,0.19,0.3,3685.315,0.02,8698.7645,0,19916.72667,0.01,4015,1,0.01191718154
0,2021-11-22T12:29:23+00:00,https://www.canva.com/,3g,4255,4258,4254,4264,616,666,585,797,3553,3558,3212,3910,1094,1034,894,1115,3650,3673,3287,4083,3531,3538,3199,3884,packetLoss,1.35%,2,0.47,0.79,2165.503,0.66,3426.739,0.49,5867.401795,0.05,2362,1,0.001323025174
0,2021-11-22T12:32:48+00:00,https://www.whatsapp.com/,3g,560,560,560,560,494,500,434,572,825,890,816,1029,708,757,666,897,2050,2117,2050,2252,816,882,808,1021,packetLoss,1.35%,2,0.81,0.64,2613.419,0.41,4338.419,0.97,2613.419,1,0,1,0.0137546658
0,2021-11-22T12:22:20+00:00,https://www.glassdoor.com/,3g,1146,1146,1146,1146,1092,1093,1070,1117,4336,4295,4088,4460,1355,1353,1312,1393,7214,7243,7152,7363,4269,4219,4009,4380,packetLoss,1.20%,2,0.17,0.31,3674.362,0.02,8675.9695,0.07,10798.97521,0.01,4433.5,0.82,0.1294411214
0,2021-11-22T12:11:50+00:00,https://www.canva.com/,3g,4259,4259,4259,4259,580,581,553,609,3730,5020,3669,7662,891,964,846,1156,3932,6761,3789,12561,3725,5005,3647,7644,packetLoss,1.20%,2,0.48,0.81,2126.092,0.64,3524.092,0.57,5361.955086,0.06,2256,1,0.001724514008
0,2021-11-22T12:15:17+00:00,https://www.whatsapp.com/,3g,560,560,560,560,452,557,409,811,787,901,740,1177,674,776,626,1027,2013,2129,1968,2407,779,893,731,1169,packetLoss,1.20%,2,0.88,0.64,2600.238,0.77,3050.238,0.97,2600.238,1,0,0.86,0.116506546
0,2021-11-22T12:04:30+00:00,https://www.glassdoor.com/,3g,1146,1145,1142,1146,1376,3130,1169,6846,4354,6245,4328,10053,1628,3387,1427,7106,7461,9258,7316,12998,4297,6174,4245,9980,packetLoss,1.05%,2,0.17,0.3,3717.807,0.02,8506.9715,0.05,11347.07241,0.01,4603.5,0.83,0.1256178792
0,2021-11-22T11:51:51+00:00,https://www.canva.com/,3g,4255,4256,4254,4259,571,608,559,693,3858,4451,3618,5877,865,916,862,1020,3970,6752,3695,12592,3841,4438,3604,5868,packetLoss,1.05%,2,0.48,0.8,2143.541,0.75,3136.103,0.39,6510.882233,0.04,2621.6145,1,0.002768866221
0,2021-11-22T11:55:28+00:00,https://www.whatsapp.com/,3g,560,560,560,560,430,435,420,455,800,846,793,944,661,706,659,797,2021,2074,2020,2181,791,837,785,935,packetLoss,1.05%,2,0.81,0.59,2750.826,0.42,4325.826,0.96,2750.826,1,0,1,0.0137546658
0,2021-11-22T10:49:16+00:00,https://www.glassdoor.com/,3g,1146,1146,1146,1146,1081,1089,1054,1132,4443,4318,4066,4444,1328,1347,1298,1416,7246,7233,7192,7262,4361,4238,3988,4365,packetLoss,0.45%,2,0.17,0.31,3648.908,0.02,8739.661,0.07,10894.18595,0.01,4308,0.83,0.1256178792
0,2021-11-22T10:38:07+00:00,https://www.canva.com/,3g,4255,4255,4252,4258,547,795,522,1317,3345,3631,3273,4275,830,1290,813,2227,3518,3762,3397,4370,3328,3612,3250,4258,packetLoss,0.45%,2,0.48,0.81,2126.868,0.64,3520.868,0.5,5807.684216,0.07,2129.5,1,0.002768866221
0,2021-11-22T10:41:35+00:00,https://www.whatsapp.com/,3g,560,560,560,560,426,423,407,436,749,751,747,756,626,633,625,648,1975,1975,1972,1978,740,742,739,748,packetLoss,0.45%,2,0.81,0.64,2599.478,0.42,4325.145,0.97,2599.478,1,0,1,0.0137546658
0,2021-11-22T12:59:20+00:00,https://www.glassdoor.com/,3g,1146,1146,1146,1146,1145,1159,1108,1225,4343,4299,4144,4411,1442,1421,1376,1444,7336,7333,7268,7394,4267,4224,4070,4334,packetLoss,1.50%,2,0.17,0.3,3688.977,0.02,8799.033,0.08,10575.87211,0.01,4273,0.78,0.1446130371
0,2021-11-22T12:48:52+00:00,https://www.canva.com/,3g,4258,4256,4252,4259,674,680,669,696,4127,4607,3712,5983,981,994,963,1037,4186,4683,3797,6065,4117,4591,3688,5969,packetLoss,1.50%,2,0.48,0.8,2144.159,0.66,3427.475,0.53,5590.408476,0.06,2279.5,1,0.001323025174
0,2021-11-22T12:52:19+00:00,https://www.whatsapp.com/,3g,560,560,560,560,436,454,417,508,772,790,761,838,644,665,627,724,1998,2021,1983,2081,764,782,753,829,packetLoss,1.50%,2,0.85,0.68,2481.035,0.54,3868.115,0.98,2481.035,1,0,1,0.0137546658
0,2021-11-22T11:07:34+00:00,https://www.glassdoor.com/,3g,1146,1146,1146,1146,2024,2280,1140,3677,7197,6460,4525,7657,2261,2685,1427,4366,8660,8710,7371,10098,7114,6387,4446,7601,packetLoss,0.60%,2,0.16,0.31,3664.798,0.02,8753.87,0.04,12085.62231,0.01,4582.5,0.77,0.1463085598
0,2021-11-22T10:56:26+00:00,https://www.canva.com/,3g,4248,4250,4248,4254,588,569,524,596,3570,5139,3526,8322,872,2513,830,5838,3658,5225,3619,8399,3553,5124,3503,8316,packetLoss,0.60%,2,0.47,0.79,2177.685,0.63,3550.685,0.45,6125.082476,0.07,2178.954,1,0.001323025174
0,2021-11-22T10:59:59+00:00,https://www.whatsapp.com/,3g,560,560,560,560,624,582,405,717,945,909,728,1055,825,786,610,924,2168,2134,1954,2279,937,902,720,1048,packetLoss,0.60%,2,0.81,0.64,2605.999,0.41,4330.999,0.97,2605.999,1,0,1,0.0137546658
0,2021-11-22T11:26:56+00:00,https://www.glassdoor.com/,3g,1146,1146,1146,1146,1963,2241,1081,3678,5360,5653,4266,7332,2227,2492,1321,3927,8149,8565,7713,9833,5283,5581,4183,7277,packetLoss,0.75%,2,0.16,0.24,3992.04,0.01,8918.3235,0,18042.52148,0.02,3819.5,0.83,0.127313402
0,2021-11-22T11:14:47+00:00,https://www.canva.com/,3g,4251,4251,4247,4254,550,541,523,551,3815,3743,3596,3819,862,851,829,863,3931,4031,3909,4254,3798,3727,3581,3802,packetLoss,0.75%,2,0.46,0.8,2133.92,0.64,3507.92,0.43,6236.537853,0.04,2631,1,0.002768866221
0,2021-11-22T11:18:12+00:00,https://www.whatsapp.com/,3g,560,560,560,560,388,397,386,418,731,744,730,771,610,615,610,626,1958,1969,1953,1996,722,736,722,763,packetLoss,0.75%,2,0.83,0.69,2454.154,0.47,4104.154,0.98,2454.154,1,0,1,0.0137546658
0,2021-11-22T09:55:00+00:00,https://www.glassdoor.com/,3g,1146,1146,1146,1146,1811,1784,1251,2291,5172,5080,4459,5610,2075,2043,1495,2559,8014,7953,7355,8490,5093,5005,4392,5530,packetLoss,0%,2,0.17,0.31,3668.996,0.01,9315.6795,0.06,11174.32842,0.01,4730.5,0.83,0.127574056
0,2021-11-22T09:44:47+00:00,https://www.canva.com/,3g,4254,4254,4254,4255,617,708,600,906,3799,3856,3777,3993,929,1016,910,1208,3866,3935,3860,4078,3775,3837,3756,3980,packetLoss,0%,2,0.48,0.79,2168.306,0.74,3160.412,0.45,6090.2645,0.04,2625.988,1,0.002768866221
0,2021-11-22T09:48:19+00:00,https://www.whatsapp.com/,3g,560,560,560,560,414,411,390,429,754,756,749,766,639,635,625,642,1978,1977,1973,1980,746,748,741,758,packetLoss,0%,2,0.81,0.63,2614.943,0.41,4354.41,0.97,2614.943,1,0,1,0.0137546658
0,2021-11-22T11:44:31+00:00,https://www.glassdoor.com/,3g,1146,1146,1146,1146,1746,3408,1077,7400,5327,6755,4272,10666,2308,3760,1311,7661,8131,9635,7209,13565,5237,6675,4193,10594,packetLoss,0.90%,2,0.18,0.31,3653.6,0.04,7487.8865,0.07,10623.73915,0.01,4313.5,0.82,0.1293892415
0,2021-11-22T11:34:23+00:00,https://www.canva.com/,3g,4247,4247,4247,4247,556,602,520,729,7558,6684,3592,8903,864,912,829,1042,12776,9925,3688,13312,7537,6662,3558,8890,packetLoss,0.90%,2,0.47,0.79,2188.648,0.65,3467.551,0.51,5738.516647,0.05,2515.243,1,0.002768866221
0,2021-11-22T11:37:54+00:00,https://www.whatsapp.com/,3g,560,560,560,560,407,410,405,418,757,748,719,767,627,632,627,643,1983,1972,1941,1992,750,740,711,759,packetLoss,0.90%,2,0.84,0.64,2600.906,0.51,3950.107,0.97,2600.906,1,0,1,0.0137546658
0,2021-11-22T10:15:25+00:00,https://www.glassdoor.com/,3g,1146,1146,1146,1146,1469,1582,1241,2037,4840,5007,4708,5473,1745,1861,1525,2313,7654,8652,7489,10812,4758,4923,4627,5385,packetLoss,0.15%,3,0.2,0.29,3739.794,0.02,8770.822,0.09,10103.07363,0.01,4611.449,1,0.0117586263
0,2021-11-22T10:04:14+00:00,https://www.canva.com/,3g,4255,4253,4248,4255,576,570,555,580,3416,3426,3268,3594,878,874,843,901,3491,3521,3365,3706,3400,3406,3247,3571,packetLoss,0.15%,3,0.49,0.8,2155.49,0.74,3153.714,0.51,5738.19541,0.05,2458,1,0.002768866221
0,2021-11-22T10:07:13+00:00,https://www.whatsapp.com/,3g,560,560,560,560,464,693,419,1196,860,1076,804,1563,712,941,668,1444,2094,2295,2030,2760,851,1067,795,1554,packetLoss,0.15%,3,0.84,0.7,2448.049,0.51,3947.124,0.98,2448.049,1,0,1,0.0137546658
0,2021-11-22T10:32:37+00:00,https://www.glassdoor.com/,3g,1146,1146,1146,1146,1834,1694,1378,1871,5027,4927,4695,5058,2117,2063,1629,2442,8047,8257,7921,8803,4941,4848,4621,4983,packetLoss,0.30%,3,0.18,0.45,3164.552,0.02,8724.1315,0.04,11897.24003,0.01,3899,0.81,0.131700609
0,2021-11-22T10:22:19+00:00,https://www.canva.com/,3g,4258,4258,4252,4264,624,616,566,658,3748,3708,3506,3869,910,924,870,991,3870,3812,3598,3968,3732,3697,3498,3861,packetLoss,0.30%,3,0.48,0.81,2106.107,0.64,3499.107,0.55,5524.174105,0.06,2225.5,1,0.002768866221
0,2021-11-22T10:25:20+00:00,https://www.whatsapp.com/,3g,560,560,560,560,451,889,403,1812,817,1242,762,2148,666,1106,628,2025,2040,2473,1997,3382,806,1234,755,2140,packetLoss,0.30%,3,0.83,0.64,2598.198,0.47,4099.298,0.97,2598.198,1,0,1,0.0137546658
0,2021-11-22T12:43:30+00:00,https://www.glassdoor.com/,3g,1146,1146,1146,1146,1217,2061,1161,3806,4633,5355,4441,6992,1505,2348,1478,4062,7457,8287,7389,10014,4569,5285,4374,6912,packetLoss,1.35%,3,0.16,0.3,3689.696,0.02,8759.6385,0.05,11430.34656,0.01,4521,0.77,0.1463085598
0,2021-11-22T12:31:06+00:00,https://www.canva.com/,3g,4264,4259,4247,4267,563,570,561,585,3892,4269,3579,5336,863,868,835,907,4016,6781,3656,12670,3878,4254,3565,5319,packetLoss,1.35%,3,0.49,0.78,2197.441,0.73,3190.064,0.51,5735.297362,0.05,2371.5,1,0.001323025174
0,2021-11-22T12:34:07+00:00,https://www.whatsapp.com/,3g,560,560,560,560,875,814,571,997,1343,1332,929,1725,1220,1193,784,1576,2569,2548,2149,2927,1335,1325,922,1718,packetLoss,1.35%,3,0.82,0.69,2454.798,0.41,4333.973,0.98,2454.798,1,0,1,0.0137546658
0,2021-11-22T12:24:19+00:00,https://www.glassdoor.com/,3g,1146,1145,1142,1146,1717,2328,1288,3978,4762,6399,4703,9733,1984,2619,1560,4313,10333,9513,7472,10733,4686,6323,4625,9658,packetLoss,1.20%,3,0.16,0.31,3670.313,0.01,9297.4995,0.01,14706.0984,0.02,3823,0.77,0.1463085598
0,2021-11-22T12:13:37+00:00,https://www.canva.com/,3g,4259,4257,4248,4264,644,692,592,839,3812,3826,3805,3860,934,981,881,1129,3865,3879,3851,3920,3807,3815,3801,3838,packetLoss,1.20%,3,0.5,0.79,2172.915,0.74,3170.487,0.51,5766.145902,0.07,2181.936,1,0.001323025174
0,2021-11-22T12:16:41+00:00,https://www.whatsapp.com/,3g,560,560,560,560,437,425,397,441,755,770,722,832,648,651,610,694,2027,2012,1955,2055,747,762,714,825,packetLoss,1.20%,3,0.81,0.64,2600.805,0.42,4325.805,0.97,2600.805,1,0,1,0.0137546658
0,2021-11-22T12:06:27+00:00,https://www.glassdoor.com/,3g,1146,1147,1146,1148,1166,1194,1142,1274,4674,4777,4588,5068,1417,1458,1413,1543,7339,7490,7321,7811,4605,4706,4506,5008,packetLoss,1.05%,3,0.17,0.35,3500.289,0.02,8747.0835,0.07,10948.67326,0.01,4312.6265,0.78,0.1437426758
0,2021-11-22T11:53:41+00:00,https://www.canva.com/,3g,4255,4255,4251,4259,589,597,570,631,3799,5241,3405,8518,903,901,878,921,3963,6992,3607,13405,3795,5229,3381,8512,packetLoss,1.05%,3,0.49,0.78,2198.517,0.73,3195.32,0.52,5660.774215,0.04,2719,1,0.002768866221
0,2021-11-22T11:56:48+00:00,https://www.whatsapp.com/,3g,560,560,560,560,408,413,400,430,775,786,759,824,627,637,606,677,2014,2010,1989,2027,767,777,750,814,packetLoss,1.05%,3,0.81,0.7,2446.913,0.38,4471.913,0.98,2446.913,1,0,1,0.0137546658
0,2021-11-22T10:51:15+00:00,https://www.glassdoor.com/,3g,1146,1146,1146,1146,1099,1844,1084,3348,4307,5044,4023,6801,1378,2214,1343,3921,7275,8102,7207,9824,4231,4965,3945,6719,packetLoss,0.45%,3,0.18,0.45,3152.478,0.01,9296.513,0.04,11930.08986,0.02,3781,0.83,0.127313402
0,2021-11-22T10:39:50+00:00,https://www.canva.com/,3g,4251,4251,4247,4255,566,613,539,733,3796,5229,3234,8658,862,912,845,1030,3869,6848,3345,13329,3786,5211,3209,8638,packetLoss,0.45%,3,0.48,0.8,2129.732,0.64,3519.732,0.53,5637.741157,0.06,2288.5,1,0.002768866221
0,2021-11-22T10:42:53+00:00,https://www.whatsapp.com/,3g,560,560,560,560,431,432,400,466,783,768,712,810,642,646,611,686,2016,1999,1946,2035,775,760,704,802,packetLoss,0.45%,3,0.84,0.69,2451.196,0.51,3950.444,0.98,2451.196,1,0,1,0.0137546658
0,2021-11-22T13:01:24+00:00,https://www.glassdoor.com/,3g,1146,1146,1146,1147,1964,2379,1543,3629,5744,7281,4610,11488,2244,4306,1798,8875,8142,10223,7742,14784,5690,7208,4527,11407,packetLoss,1.50%,3,0.16,0.29,3730.325,0.02,8800.1605,0,17902.073,0.02,3831.5,0.77,0.1463085598
0,2021-11-22T12:50:38+00:00,https://www.canva.com/,3g,4248,4251,4247,4259,576,765,557,1163,3686,3865,3525,4385,883,1104,832,1596,3752,3934,3588,4462,3681,3853,3512,4367,packetLoss,1.50%,3,0.5,0.8,2133.667,0.75,3122.377,0.49,5853.408519,0.06,2290.5,1,0.002768866221
0,2021-11-22T12:53:38+00:00,https://www.whatsapp.com/,3g,560,560,560,560,417,479,401,620,794,832,744,959,676,704,610,825,2024,2084,1982,2245,787,825,736,951,packetLoss,1.50%,3,0.82,0.68,2485.251,0.45,4179.757,0.98,2485.251,1,0,1,0.0137546658
0,2021-11-22T11:09:39+00:00,https://www.glassdoor.com/,3g,1146,1146,1146,1146,1327,1405,1046,1841,4387,4436,4083,4837,1589,1661,1297,2096,7553,7590,7176,8040,4313,4358,4004,4757,packetLoss,0.60%,3,0.17,0.31,3658.036,0.02,8525.5845,0.08,10481.44969,0.01,4286.5,0.78,0.1437426758
0,2021-11-22T10:58:15+00:00,https://www.canva.com/,3g,4259,4259,4259,4259,565,591,554,654,3671,3662,3635,3681,863,885,831,962,3785,3778,3761,3787,3649,3645,3612,3673,packetLoss,0.60%,3,0.47,0.8,2135.341,0.64,3511.341,0.49,5834.790276,0.06,2346.5,1,0.001323025174
0,2021-11-22T11:01:28+00:00,https://www.whatsapp.com/,3g,560,560,560,560,683,720,440,1038,1028,1067,792,1380,890,929,645,1251,2261,2297,2017,2613,1020,1059,784,1372,packetLoss,0.60%,3,0.81,0.64,2604.552,0.41,4330.3225,0.97,2604.552,1,0,1,0.0137546658
0,2021-11-22T11:29:06+00:00,https://www.glassdoor.com/,3g,1146,1146,1146,1146,1107,1101,1047,1148,4367,4346,4183,4487,1362,1368,1331,1412,7326,7338,7306,7381,4285,4265,4099,4410,packetLoss,0.75%,3,0.16,0.31,3660.218,0.01,9336.9145,0.07,10681.42962,0.01,4333,0.78,0.1446130371
0,2021-11-22T11:16:32+00:00,https://www.canva.com/,3g,4252,4253,4248,4258,544,572,530,642,3639,3617,3456,3756,829,863,811,948,4266,4105,3541,4509,3634,3603,3444,3730,packetLoss,0.75%,3,0.46,0.8,2147.363,0.63,3532.363,0.46,6032.628472,0.04,2653.5,1,0.002768866221
0,2021-11-22T11:19:31+00:00,https://www.whatsapp.com/,3g,560,560,560,560,407,416,371,470,740,761,710,834,626,637,594,690,1973,2020,1943,2143,732,753,700,826,packetLoss,0.75%,3,0.84,0.64,2602.295,0.51,3947.379,0.97,2602.295,1,0,1,0.0137546658
0,2021-11-22T09:57:09+00:00,https://www.glassdoor.com/,3g,1146,1146,1146,1147,1219,1402,1075,1911,4547,4832,4432,5517,1477,1670,1323,2210,7448,7637,7312,8151,4486,4763,4362,5441,packetLoss,0%,3,0.17,0.31,3675.294,0.02,8617.729,0.07,10912.50351,0.01,4828,0.82,0.1294411214
0,2021-11-22T09:46:36+00:00,https://www.canva.com/,3g,4260,4257,4248,4263,592,597,584,616,3715,3753,3671,3873,911,895,862,912,4016,4041,3798,4310,3708,3737,3645,3858,packetLoss,0%,3,0.46,0.8,2158.54,0.63,3524.54,0.44,6174.151087,0.04,2685.463,1,0.002768866221
0,2021-11-22T09:49:40+00:00,https://www.whatsapp.com/,3g,560,560,560,560,429,422,407,430,768,769,766,774,645,640,627,647,1997,1998,1995,2002,759,761,758,766,packetLoss,0%,3,0.83,0.64,2598.63,0.47,4099.64,0.97,2598.63,1,0,1,0.0137546658
0,2021-11-22T11:46:35+00:00,https://www.glassdoor.com/,3g,1146,1146,1146,1147,1178,1982,1120,3647,5221,5446,4480,6638,1461,2248,1374,3910,7395,8175,7282,9848,5145,5376,4424,6558,packetLoss,0.90%,3,0.16,0.31,3644.533,0.02,8750.023,0.04,11838.87111,0.01,4411.5,0.78,0.1446807234
0,2021-11-22T11:36:11+00:00,https://www.canva.com/,3g,4259,4259,4258,4259,622,631,602,668,3722,3772,3701,3894,930,935,911,965,3853,3866,3774,3970,3698,3759,3694,3885,packetLoss,0.90%,3,0.47,0.8,2134.753,0.67,3418.342,0.49,5850.949243,0.04,2620.5,1,0.0009662272135
0,2021-11-22T11:39:22+00:00,https://www.whatsapp.com/,3g,560,560,560,560,440,2100,429,5431,796,2451,793,5764,677,2321,643,5644,2024,6336,2023,14962,786,2442,784,5756,packetLoss,0.90%,3,0.84,0.7,2447.487,0.51,3946.709,0.98,2447.487,1,0,1,0.0137546658